2019-07-13T23:07:29.711|19.37
2019-07-13T23:12:01.255|19.41
2019-03-17T20:53:55.012|17.99
2019-03-17T20:18:45.012|18.23
2019-03-17T21:10:46.968|17.52
2019-03-17T20:39:50.969|18.05
2019-03-17T20:26:40.969|18.17
2019-03-17T20:48:33.012|18.02
2019-03-17T21:01:23.969|18.01
2019-03-17T20:34:29.016|18.11
2019-03-17T20:04:03.920|18.28
2019-03-17T20:13:22.969|18.24
2019-09-08T00:01:38.669|21.21
2019-09-08T00:14:58.712|21.22
2019-09-08T00:11:38.712|21.23
2019-09-08T00:08:18.712|21.23
2019-09-08T00:04:58.698|21.22
2019-05-03T00:20:49.713|21.5
2019-05-03T00:10:01.713|21.42
2019-05-03T00:12:43.713|21.47
2019-05-03T00:01:55.713|21.6
2019-05-03T00:34:11.675|21.42
2019-05-03T00:35:31.713|21.53
2019-05-03T00:24:50.713|21.55
2019-05-03T00:26:10.671|21.43
2019-05-03T00:27:30.713|21.36
2019-05-03T00:07:19.713|21.53
2019-05-03T00:04:37.713|21.59
2019-05-03T00:40:54.713|21.36
2019-05-03T00:32:50.713|21.2
2019-05-03T00:19:28.713|21.45
2019-05-03T00:08:40.713|21.58
2019-05-03T00:31:30.713|21.21
2018-10-18T02:03:45.288|21.25
2018-10-18T05:13:54.287|21.1800003052
2018-10-18T01:07:12.375|21.2900009155
2018-10-18T01:58:27.327|21.2600002289
2018-10-18T01:30:59.288|21.2700004578
2018-10-18T05:08:37.304|21.2000007629
2018-10-18T01:42:34.327|21.2600002289
2018-10-18T01:57:07.327|21.25
2018-10-18T01:55:48.327|21.25
2018-10-18T00:42:50.327|21.2900009155
2018-10-18T05:54:19.323|18.3299999237
2018-10-18T04:46:08.299|21.2399997711
2018-10-18T00:00:54.327|21.25
2018-10-18T00:24:43.327|21.2900009155
2018-10-18T01:59:46.288|21.25
2018-10-18T00:11:28.327|21.2800006866
2018-10-18T05:49:01.287|19.0499992371
2018-10-18T01:46:33.301|21.2600002289
2018-10-18T05:24:28.415|21.0200004578
2018-10-18T01:38:37.288|21.25
2018-10-18T00:58:17.327|21.2999992371
2018-10-18T01:04:54.308|21.2999992371
2018-10-18T02:01:05.320|21.25
2018-10-18T01:49:11.327|21.2600002289
2018-10-18T01:45:14.327|21.2600002289
2018-10-18T00:39:18.288|21.2900009155
2018-10-18T00:23:23.327|21.2900009155
2018-10-18T00:28:43.327|21.2800006866
2018-10-18T00:30:03.293|21.2800006866
2018-10-18T01:13:50.327|21.2900009155
2018-10-18T01:17:48.288|21.2900009155
2018-10-18T01:34:37.326|21.2600002289
2018-10-18T01:41:15.289|21.25
2018-10-18T00:07:31.322|21.2700004578
2018-10-18T00:45:29.327|21.2900009155
2018-10-18T00:18:06.288|21.2900009155
2018-10-18T00:36:40.307|21.2900009155
2018-10-18T04:29:32.327|21.2199993134
2018-10-18T00:27:23.327|21.2800006866
2018-10-18T00:52:06.288|21.2900009155
2018-10-18T00:26:03.327|21.2900009155
2018-10-18T01:50:30.327|21.2600002289
2018-10-18T05:35:50.179|20.4899997711
2018-10-18T00:54:44.288|21.2999992371
2018-10-18T00:53:25.291|21.2900009155
2018-10-18T04:40:51.327|21.25
2018-10-18T04:01:48.327|21.2099990845
2018-10-18T00:02:14.327|21.25
2018-10-18T01:35:57.327|21.2600002289
2018-10-18T01:12:30.327|21.2900009155
2018-10-18T01:54:28.327|21.25
2018-10-18T05:30:44.339|20.7900009155
2018-10-18T01:16:29.288|21.2900009155
2018-10-18T00:03:34.288|21.25
2018-10-18T01:53:08.327|21.25
2018-10-18T05:19:11.288|21.1299991608
2018-10-18T00:16:46.326|21.2800006866
2018-10-18T00:22:03.327|21.2900009155
2018-10-18T00:46:48.327|21.2900009155
2018-10-18T01:33:17.375|21.2700004578
2018-10-18T03:56:31.288|21.2000007629
2018-10-18T03:45:57.329|21.2000007629
2018-10-18T00:20:44.288|21.2900009155
2018-10-18T04:35:34.327|21.2399997711
2018-10-18T00:34:01.327|21.2900009155
2018-10-18T01:25:43.288|21.2800006866
2018-10-18T01:51:49.288|21.2600002289
2018-10-18T03:39:43.874|21.1700000763
2018-10-18T01:00:56.288|21.2999992371
2018-10-18T04:12:22.327|21.2000007629
2018-10-18T00:08:50.291|21.2700004578
2018-10-18T01:09:52.327|21.2999992371
2018-10-18T01:23:05.288|21.2800006866
2018-10-18T00:19:25.288|21.2900009155
2018-10-18T01:43:54.317|21.2600002289
2018-10-18T00:32:41.327|21.2900009155
2018-10-18T00:31:22.327|21.2900009155
2018-10-18T01:21:46.327|21.2800006866
2018-10-18T04:23:06.311|21.2000007629
2018-10-18T00:06:12.288|21.2600002289
2018-10-18T00:14:07.327|21.2800006866
2018-10-18T00:10:09.327|21.2700004578
2018-10-18T01:02:15.288|21.2999992371
2018-10-18T01:15:10.325|21.2900009155
2018-10-18T01:29:40.309|21.2700004578
2018-10-18T01:11:11.288|21.2999992371
2018-10-18T04:51:25.327|21.2299995422
2018-10-18T01:20:26.327|21.2800006866
2018-10-18T01:37:17.327|21.2600002289
2018-10-18T01:19:07.293|21.2800006866
2018-10-18T04:56:31.187|21.2199993134
2018-10-18T00:15:27.288|21.2800006866
2018-10-18T00:44:09.326|21.2900009155
2018-10-18T01:27:02.288|21.2700004578
2018-10-18T00:50:47.327|21.2900009155
2018-10-18T01:03:34.327|21.2999992371
2018-10-18T05:41:42.325|19.9099998474
2018-10-18T00:35:20.327|21.2900009155
2018-10-18T01:28:21.327|21.2700004578
2018-10-18T00:59:36.327|21.2999992371
2018-10-18T00:04:53.288|21.2600002289
2018-10-18T01:47:52.327|21.2600002289
2018-10-18T00:12:47.327|21.2800006866
2018-10-18T03:51:14.327|21.1900005341
2018-10-18T01:24:24.288|21.2800006866
2018-10-18T00:48:08.319|21.2900009155
2018-10-18T05:02:59.288|21.2000007629
2018-10-18T01:39:56.327|21.25
2018-10-18T02:02:25.326|21.25
2018-10-18T00:49:27.327|21.2900009155
2018-10-18T00:37:59.327|21.2800006866
2018-10-18T00:56:57.327|21.2999992371
2018-10-18T01:08:32.327|21.2900009155
2018-10-18T04:17:28.241|21.2000007629
2018-10-18T04:07:05.403|21.2099990845
2019-09-06T23:07:19.661|20.75
2019-09-06T23:03:01.661|20.75
2019-09-06T22:58:43.704|20.79
2019-09-06T22:57:39.661|20.72
2019-09-06T23:05:11.661|20.76
2019-09-06T23:08:23.661|20.83
2019-09-06T22:59:47.704|20.82
2019-09-06T23:09:27.661|20.89
2019-09-06T23:00:52.684|20.74
2019-09-06T23:06:15.661|20.78
2019-09-06T22:52:19.568|20.82
2019-09-06T22:55:31.661|20.82
2019-09-06T23:01:57.661|20.73
2019-09-06T22:56:35.661|20.81
2019-09-06T23:04:06.704|20.79
2019-09-06T22:54:27.661|20.76
2019-09-06T22:53:23.663|20.78
2018-01-07T22:36:48.811|21.2099990845
2018-01-07T21:13:15.773|21.1599998474
2018-01-07T21:20:26.771|21.1700000763
2018-01-07T22:55:14.811|21.2199993134
2018-01-07T22:51:17.772|21.2099990845
2018-01-07T23:29:28.772|21.25
2018-01-07T22:10:28.772|21.1700000763
2018-01-07T22:43:23.811|21.2099990845
2018-01-07T19:59:42.236|21.0300006866
2018-01-07T22:14:25.771|21.1700000763
2018-01-07T22:31:32.811|21.2000007629
2018-01-07T23:22:53.811|21.2600002289
2018-01-07T23:21:34.772|21.2700004578
2018-01-07T22:11:47.772|21.1700000763
2018-01-07T22:21:00.811|21.2000007629
2018-01-07T22:47:20.811|21.2099990845
2018-01-07T21:55:59.811|21.1599998474
2018-01-07T22:27:35.811|21.2099990845
2018-01-07T23:34:44.811|21.25
2018-01-07T21:11:56.811|21.1499996185
2018-01-07T21:50:43.779|21.1700000763
2018-01-07T22:44:42.772|21.2000007629
2018-01-07T23:14:59.811|21.25
2018-01-07T22:26:16.771|21.2099990845
2018-01-07T23:59:21.811|21.0599994659
2018-01-07T23:13:40.811|21.2600002289
2018-01-07T23:53:10.799|21.1399993896
2018-01-07T23:33:25.811|21.25
2018-01-07T23:16:18.811|21.2700004578
2018-01-07T21:24:23.810|21.1700000763
2018-01-07T22:22:19.772|21.2000007629
2018-01-07T21:30:58.810|21.1700000763
2018-01-07T22:06:31.772|21.1599998474
2018-01-07T23:08:24.773|21.25
2018-01-07T23:37:22.811|21.2399997711
2018-01-07T23:11:02.772|21.2600002289
2018-01-07T21:37:33.771|21.1800003052
2018-01-07T22:03:53.810|21.1599998474
2018-01-07T23:38:41.811|21.2399997711
2018-01-07T22:35:29.811|21.2099990845
2018-01-07T21:15:10.811|21.1599998474
2018-01-07T22:42:04.772|21.2099990845
2018-01-07T21:34:55.772|21.1800003052
2018-01-07T21:19:07.811|21.1700000763
2018-01-07T23:30:47.772|21.25
2018-01-07T22:02:34.810|21.1599998474
2018-01-07T20:10:06.225|21.0599994659
2018-01-07T23:00:30.772|21.2299995422
2018-01-07T21:53:21.811|21.1599998474
2018-01-07T21:48:05.810|21.1900005341
2018-01-07T23:05:46.772|21.25
2018-01-07T21:38:52.811|21.1800003052
2018-01-07T23:28:09.811|21.25
2018-01-07T23:07:05.772|21.25
2018-01-07T23:40:00.811|21.2399997711
2018-01-07T21:10:37.811|21.1499996185
2018-01-07T21:58:37.771|21.1599998474
2018-01-07T21:27:01.771|21.1800003052
2018-01-07T23:03:08.811|21.25
2018-01-07T23:47:54.772|21.1800003052
2018-01-07T21:25:42.811|21.1700000763
2018-01-07T22:01:15.811|21.1700000763
2018-01-07T23:45:16.811|21.2000007629
2018-01-07T23:32:06.811|21.2600002289
2018-01-07T22:23:38.781|21.2000007629
2018-01-07T22:15:44.811|21.1800003052
2018-01-07T23:26:50.811|21.25
2018-01-07T22:09:09.811|21.1499996185
2018-01-07T21:17:48.772|21.1700000763
2018-01-07T22:57:52.811|21.2399997711
2018-01-07T22:53:55.772|21.2199993134
2018-01-07T21:33:36.811|21.1900005341
2018-01-07T22:18:22.811|21.1900005341
2018-01-07T23:49:13.771|21.1700000763
2018-01-07T19:52:54.216|21.0200004578
2018-01-07T22:38:07.772|21.2199993134
2018-01-07T21:40:11.772|21.1900005341
2018-01-07T23:01:49.811|21.25
2018-01-07T21:46:46.772|21.1900005341
2018-01-07T23:54:29.811|21.1200008392
2018-01-07T22:56:33.804|21.2399997711
2018-01-07T23:24:12.782|21.2600002289
2018-01-07T23:04:27.811|21.25
2018-01-07T21:21:45.782|21.1700000763
2018-01-07T21:29:39.771|21.1800003052
2018-01-07T22:34:10.772|21.2000007629
2018-01-07T23:36:03.811|21.25
2018-01-07T21:52:02.811|21.1700000763
2018-01-07T21:45:27.810|21.1800003052
2018-01-07T23:56:22.811|21.1000003815
2018-01-07T21:41:30.811|21.1900005341
2018-01-07T21:16:29.811|21.1599998474
2018-01-07T21:44:08.780|21.1800003052
2018-01-07T22:13:06.798|21.1700000763
2018-01-07T23:17:37.811|21.2700004578
2018-01-07T20:07:16.043|21.0599994659
2018-01-07T19:58:23.259|21.0300006866
2018-01-07T22:59:11.772|21.2399997711
2018-01-07T23:12:21.772|21.2600002289
2018-01-07T22:46:01.772|21.2099990845
2018-01-07T19:57:04.259|21.0100002289
2018-01-07T21:32:17.811|21.1800003052
2018-01-07T20:13:15.259|21.0499992371
2018-01-07T21:49:24.772|21.1800003052
2018-01-07T21:54:40.811|21.1599998474
2018-01-07T23:51:51.815|21.1499996185
2018-01-07T22:39:26.811|21.2099990845
2018-01-07T22:05:12.811|21.1599998474
2018-01-07T21:23:04.771|21.1700000763
2018-01-07T21:57:18.811|21.1499996185
2018-01-07T22:30:13.811|21.2000007629
2018-01-07T22:28:54.772|21.2000007629
2018-01-07T23:58:02.788|21.0799999237
2018-01-07T22:32:51.799|21.2000007629
2018-01-07T21:07:56.667|21.1499996185
2018-01-07T21:36:14.811|21.1900005341
2018-01-07T22:52:36.771|21.2199993134
2018-01-07T23:42:38.773|21.2199993134
2018-01-07T19:55:45.259|21.0100002289
2018-01-07T22:19:41.811|21.1900005341
2018-01-07T22:17:03.771|21.1800003052
2018-01-07T23:18:56.772|21.2700004578
2018-01-07T21:42:49.811|21.1900005341
2018-01-07T21:28:20.772|21.1800003052
2018-01-07T22:24:57.772|21.2000007629
2018-01-07T23:25:31.811|21.2600002289
2018-01-07T22:40:45.811|21.2099990845
2018-01-07T22:49:58.811|21.2099990845
2018-01-07T23:41:19.811|21.2199993134
2018-01-07T23:43:57.811|21.2099990845
2018-01-07T23:09:43.772|21.2600002289
2018-01-07T22:07:50.772|21.1599998474
2018-01-07T21:59:56.811|21.1700000763
2018-01-07T23:46:35.811|21.1900005341
2018-01-07T23:50:32.772|21.1499996185
2018-01-07T22:48:39.811|21.2099990845
2018-01-07T23:20:15.773|21.2600002289
2018-04-20T23:13:58.728|21.2099990845
2018-04-20T22:04:31.755|20.9799995422
2018-04-20T23:45:45.762|21.2800006866
2018-04-20T23:08:06.972|21.1700000763
2018-04-20T22:21:46.716|21.0300006866
2018-04-20T21:57:52.596|20.9699993134
2018-04-20T21:48:13.755|20.9400005341
2018-04-20T23:52:16.717|21.2999992371
2018-04-20T23:27:16.696|21.2399997711
2018-04-20T23:40:28.727|21.2700004578
2018-04-20T22:12:04.603|21.0200004578
2018-04-20T22:17:27.755|21.0300006866
2018-04-20T23:58:17.794|21.3299999237
2018-04-20T21:31:06.755|20.7900009155
2018-04-20T21:24:51.059|20.6800003052
2018-04-20T21:43:54.716|20.9099998474
2018-04-20T21:27:20.755|20.7399997711
2018-04-20T21:39:30.539|20.8999996185
2018-04-20T23:34:21.727|21.25
2018-04-20T22:02:12.731|20.9799995422
2018-04-20T23:20:27.727|21.2199993134
2019-08-29T00:03:28.699|21.15
2019-08-29T00:01:26.656|21.15
2019-08-29T00:04:30.656|21.15
2019-08-29T00:02:27.656|21.15
2019-08-29T00:00:25.655|21.15
2018-09-23T22:03:06.291|18.3899993896
2018-09-23T22:25:50.291|18.5300006866
2018-09-23T22:31:09.292|18.6100006104
2018-09-23T22:20:31.292|18.5100002289
2018-09-23T22:52:24.331|18.7199993134
2018-09-23T21:38:59.291|18.8099994659
2018-09-23T23:29:57.336|18.6700000763
2018-09-23T21:52:28.292|18.7299995422
2018-09-23T22:41:47.292|18.5699996948
2018-09-23T21:44:18.292|18.8400001526
2018-09-23T23:10:30.299|18.75
2018-09-23T23:47:47.292|18.7399997711
2018-09-23T23:37:09.292|18.7700004578
2018-09-23T23:15:49.339|18.7399997711
2018-09-23T23:42:28.331|18.7299995422
2018-09-23T23:03:45.380|18.7399997711
2018-09-23T22:36:28.330|18.6499996185
2018-09-23T23:53:48.331|18.7600002289
2018-09-23T23:21:46.331|18.7299995422
2018-09-23T22:57:43.292|18.7199993134
2018-09-23T22:47:05.324|18.5699996948
2018-09-23T21:57:47.291|18.6200008392
2018-09-23T21:33:40.291|18.75
2018-09-23T21:22:48.578|18.9099998474
2018-09-23T21:28:21.389|18.8199996948
2018-09-23T22:09:35.330|18.5300006866
2018-01-06T23:50:38.354|20.2999992371
2018-01-06T21:25:36.925|21.0499992371
2018-01-06T21:40:05.719|20.9400005341
2018-01-06T23:29:26.354|20.3099994659
2018-01-06T23:45:20.354|20.2700004578
2018-01-06T23:40:02.354|20.2099990845
2018-01-06T23:18:50.354|20.4799995422
2018-01-06T23:34:44.354|20.1599998474
2018-01-06T21:31:03.939|21.0599994659
2018-01-06T23:24:08.354|20.4500007629
2018-01-06T23:06:54.902|20.5599994659
2018-01-06T23:55:55.354|20.2600002289
2018-01-06T21:32:22.939|21.0699996948
2018-01-06T21:46:44.904|21.0300006866
2018-01-06T21:29:44.939|21.0599994659
2018-01-06T21:43:33.916|20.8999996185
2018-01-06T21:09:00.859|20.9799995422
2018-01-06T23:13:32.354|20.5
2017-12-11T22:07:28.315|21.1200008392
2017-12-11T22:18:02.409|21.0799999237
2017-12-11T21:14:41.401|21.1000003815
2017-12-11T21:46:20.345|21.1299991608
2017-12-11T21:41:03.347|21.1200008392
2017-12-11T21:09:23.331|21.1000003815
2017-12-11T20:48:11.324|21.1000003815
2017-12-11T20:40:09.354|21.1100006104
2017-12-11T21:35:46.354|21.1200008392
2017-12-11T21:19:59.318|21.0900001526
2017-12-11T20:21:55.315|21.0799999237
2017-12-11T22:12:45.356|21.1000003815
2017-12-11T21:51:37.379|21.1399993896
2017-12-11T00:10:38.354|21.1100006104
2017-12-11T21:04:05.414|21.1200008392
2017-12-11T22:28:56.654|21.0799999237
2017-12-11T20:23:59.355|21.0799999237
2017-12-11T21:30:29.042|21.1200008392
2017-12-11T00:07:29.738|21.1100006104
2017-12-11T00:13:16.354|21.1200008392
2017-12-11T20:25:18.343|21.0900001526
2017-12-11T22:33:10.354|21.0799999237
2017-12-11T00:11:57.354|21.1200008392
2017-12-11T22:36:32.355|21.0699996948
2017-12-11T22:02:11.395|21.1399993896
2017-12-11T21:56:54.381|21.1399993896
2017-12-11T20:58:47.315|21.1200008392
2017-12-11T20:32:06.878|21.1000003815
2017-12-11T21:25:17.402|21.1000003815
2017-12-11T00:14:35.355|21.1200008392
2017-12-11T20:10:15.622|21.0599994659
2017-12-11T20:20:36.354|21.0699996948
2017-12-11T20:53:29.442|21.1100006104
2017-11-01T20:01:48.441|19.0
2017-11-01T19:32:20.351|19.0400009155
2017-11-01T19:48:08.312|19.0
2017-11-01T20:26:53.115|18.9300003052
2017-11-01T19:56:32.351|19.0
2017-11-01T19:16:39.286|19.0900001526
2017-11-01T20:03:07.350|19.0
2017-11-01T19:24:26.311|19.0599994659
2017-11-01T19:46:49.350|19.0100002289
2017-11-01T19:59:10.311|19.0
2017-11-01T19:36:17.312|19.0300006866
2017-11-01T19:52:05.312|19.0200004578
2017-11-01T19:41:33.321|19.0100002289
2017-11-01T20:07:47.350|19.0
2017-11-01T19:18:53.351|19.0799999237
2017-11-01T20:32:12.350|18.8999996185
2017-11-01T20:15:41.350|18.9699993134
2017-11-01T20:11:44.350|18.9899997711
2017-11-01T19:29:42.311|19.0499992371
2017-11-01T20:04:26.346|18.9899997711
2017-11-01T19:42:52.311|19.0200004578
2017-11-01T19:37:36.350|19.0200004578
2017-11-01T19:23:07.436|19.0699996948
2017-11-01T19:38:55.340|18.9799995422
2017-11-01T20:19:38.330|18.9699993134
2017-11-01T19:40:14.311|19.0100002289
2017-11-01T19:25:45.350|19.0599994659
2017-11-01T19:45:30.312|19.0200004578
2017-11-01T19:44:11.350|19.0300006866
2017-11-01T20:13:03.312|18.9799995422
2017-11-01T19:34:58.316|19.0300006866
2017-11-01T19:31:01.448|19.0300006866
2017-11-01T20:10:25.311|19.0
2017-11-01T19:49:27.350|19.0100002289
2017-11-01T20:17:00.312|18.9699993134
2017-11-01T19:27:04.311|19.0599994659
2017-11-01T19:53:54.350|19.0200004578
2017-11-01T20:05:45.312|19.0
2017-11-01T20:14:22.350|18.9699993134
2017-11-01T20:09:06.312|19.0
2017-11-01T19:57:51.351|19.0
2017-11-01T19:50:46.350|19.0200004578
2017-11-01T19:33:39.325|19.0300006866
2017-11-01T19:28:23.311|19.0599994659
2017-11-01T20:00:29.311|19.0
2017-11-01T20:18:19.312|18.9699993134
2017-11-01T19:55:13.350|19.0
2017-12-16T00:34:53.740|21.1299991608
2017-12-16T00:33:34.701|21.1200008392
2017-12-16T00:32:15.740|21.1100006104
2017-12-16T00:30:03.956|21.1000003815
2017-12-27T00:09:40.331|20.5499992371
2017-12-27T00:05:20.554|20.5200004578
2017-12-27T00:13:02.370|20.5599994659
2017-12-27T00:10:59.331|20.5499992371
2017-12-27T00:08:21.345|20.5400009155
2017-11-29T20:23:39.040|19.1700000763
2017-11-29T19:53:18.041|19.2600002289
2017-11-29T19:23:06.041|19.3199996948
2017-11-29T20:47:46.002|19.0300006866
2017-11-29T21:04:34.089|18.8700008392
2017-11-29T20:53:06.001|18.5400009155
2017-11-29T19:45:33.041|19.2900009155
2017-11-29T19:33:46.041|19.2999992371
2017-11-29T20:42:26.026|19.1100006104
2017-11-29T20:35:07.120|19.1599998474
2017-11-29T00:00:41.354|20.0200004578
2017-11-29T20:28:59.041|19.1700000763
2017-11-29T20:16:26.087|19.1900005341
2017-11-29T20:03:47.040|19.2399997711
2017-11-29T20:09:07.002|19.2199993134
2017-11-29T19:28:26.001|19.2999992371
2017-11-29T19:07:22.112|19.3500003815
2017-11-29T19:40:13.041|19.2999992371
2017-11-29T21:11:47.004|18.7199993134
2017-11-29T19:16:38.041|19.3299999237
2017-11-29T20:58:26.029|18.4699993134
2017-12-15T22:29:29.882|21.0799999237
2017-12-15T22:36:20.881|21.0699996948
2017-12-15T21:55:46.881|21.0499992371
2017-12-15T23:12:33.870|21.0499992371
2017-12-15T22:18:55.869|21.0599994659
2017-12-15T23:17:44.007|21.0599994659
2017-12-15T23:06:03.881|21.0499992371
2017-12-15T22:42:36.962|21.0499992371
2017-12-15T22:54:38.881|21.0499992371
2017-12-15T21:49:54.281|21.0400009155
2017-12-15T22:48:37.881|21.0499992371
2017-12-15T22:01:54.855|21.0499992371
2017-12-15T22:08:21.881|21.0499992371
2017-12-15T23:00:15.881|21.0499992371
2017-12-15T22:24:12.881|21.0799999237
2017-12-15T22:13:38.893|21.0499992371
2017-11-28T23:53:35.354|19.9899997711
2017-11-28T23:42:06.316|19.9599990845
2017-11-28T23:30:23.340|19.9300003052
2017-11-28T23:47:24.326|19.9699993134
2017-11-28T23:24:14.454|19.9099998474
2017-11-28T23:36:48.354|19.9400005341
2017-10-02T21:34:08.355|19.2099990845
2017-10-02T21:42:02.316|19.1900005341
2017-10-02T22:04:05.355|19.1200008392
2017-10-02T21:40:43.316|19.1900005341
2017-10-02T20:57:41.316|19.1700000763
2017-10-02T22:20:12.139|19.1100006104
2017-10-02T21:09:25.354|19.1900005341
2017-10-02T20:55:03.354|19.1800003052
2017-10-02T21:06:16.355|19.1700000763
2017-10-02T20:48:54.315|19.2099990845
2017-10-02T20:56:22.355|19.1800003052
2017-10-02T21:23:54.316|19.2199993134
2017-10-02T21:14:41.354|19.2099990845
2017-10-02T21:27:51.316|19.2299995422
2017-10-02T21:52:34.315|19.1800003052
2017-10-02T21:16:00.355|19.2199993134
2017-10-02T21:57:35.139|19.1399993896
2017-10-02T21:10:44.355|19.1900005341
2017-10-02T21:39:24.355|19.1800003052
2017-10-02T21:43:21.315|19.1800003052
2017-10-02T21:45:59.316|19.1900005341
2017-10-02T21:32:49.355|19.1900005341
2017-10-02T21:21:16.355|19.2199993134
2017-10-02T21:01:00.355|19.1399993896
2017-10-02T20:59:00.355|19.1599998474
2017-10-02T22:25:12.355|19.1200008392
2017-10-02T21:49:56.355|19.1800003052
2017-10-02T21:22:35.355|19.2099990845
2017-10-02T22:07:19.355|19.0799999237
2017-10-02T21:02:19.316|19.1700000763
2017-10-02T20:47:08.943|19.2000007629
2017-10-02T21:44:40.355|19.1900005341
2017-10-02T21:26:32.316|19.2299995422
2017-10-02T21:17:19.355|19.2199993134
2017-10-02T21:13:22.317|19.2000007629
2017-10-02T21:03:38.355|19.1499996185
2017-10-02T21:38:05.355|19.1900005341
2017-10-02T21:19:57.355|19.2299995422
2017-10-02T21:48:37.354|19.1800003052
2017-10-02T21:30:42.355|19.2000007629
2017-10-02T21:12:03.342|19.1900005341
2017-10-02T21:51:15.355|19.1800003052
2017-10-02T21:36:46.316|19.2199993134
2017-10-02T21:07:35.335|19.1700000763
2017-10-02T21:18:38.355|19.2199993134
2017-10-02T21:25:13.316|19.2199993134
2017-10-02T21:47:18.331|19.1800003052
2017-10-02T21:35:27.355|19.2199993134
2017-10-02T21:04:57.355|19.1599998474
2017-10-02T20:53:44.354|19.1700000763
2019-04-28T23:29:29.654|21.5
2019-04-28T23:41:29.697|21.02
2019-04-28T22:56:04.697|21.44
2019-04-28T22:53:24.697|21.44
2019-04-28T22:57:24.685|21.45
2019-04-28T23:21:29.697|21.48
2019-04-28T23:36:09.697|21.33
2019-04-28T23:34:49.697|21.47
2019-04-28T23:42:49.697|20.75
2019-04-28T23:22:49.697|21.48
2019-04-28T23:14:49.656|21.48
2019-04-28T23:12:04.697|21.47
2019-04-28T22:54:44.654|21.44
2019-04-28T23:20:09.655|21.49
2019-04-28T23:32:09.654|21.5
2019-04-28T23:33:29.697|21.5
2019-04-28T22:37:41.886|21.41
2019-04-28T23:13:24.686|21.48
2019-04-28T23:26:49.654|21.5
2019-04-28T23:01:24.673|21.44
2019-04-28T23:40:09.697|21.12
2019-04-28T23:30:49.654|21.51
2019-04-28T23:09:24.697|21.46
2019-04-28T23:17:29.697|21.48
2019-04-28T23:45:35.697|20.97
2019-04-28T22:50:44.655|21.43
2019-04-28T22:49:24.654|21.43
2019-04-28T23:44:15.655|20.74
2019-04-28T23:04:04.697|21.36
2019-04-28T23:06:44.653|21.43
2019-04-28T23:46:55.654|20.41
2019-04-28T23:28:09.654|21.5
2019-04-28T23:18:49.654|21.48
2019-04-28T22:52:04.654|21.44
2019-04-28T23:05:24.697|21.36
2019-04-28T23:37:29.697|21.24
2019-04-28T23:16:09.697|21.48
2019-04-28T23:10:44.697|21.47
2019-04-28T23:02:44.697|21.42
2019-04-28T22:47:18.261|21.44
2019-04-28T23:38:49.697|21.17
2019-04-28T23:24:09.654|21.49
2019-04-28T22:58:44.655|21.45
2019-04-28T23:08:04.654|21.45
2019-04-28T23:00:04.697|21.45
2019-04-28T23:25:29.667|21.5
2019-07-26T22:37:46.704|20.72
2019-07-26T22:59:58.661|20.99
2019-07-26T22:51:23.677|20.94
2019-07-26T22:34:22.682|20.65
2019-07-26T22:55:31.661|20.98
2019-07-26T23:03:22.661|21.01
2019-07-26T22:47:59.661|20.91
2019-07-26T22:44:35.661|20.87
2019-07-26T23:06:46.662|21.02
2019-07-26T22:41:11.661|20.8
2018-10-17T22:45:42.287|20.7099990845
2018-10-17T23:05:28.326|20.8299999237
2018-10-17T21:34:28.327|20.4699993134
2018-10-17T22:41:44.288|20.6800003052
2018-10-17T23:16:01.312|20.8999996185
2018-10-17T23:27:55.327|21.0100002289
2018-10-17T21:58:08.327|20.5400009155
2018-10-17T23:34:31.288|21.0799999237
2018-10-17T23:59:35.287|21.2399997711
2018-10-17T22:56:15.327|20.7700004578
2018-10-17T23:00:12.288|20.7999992371
2018-10-17T23:19:59.327|20.9400005341
2018-10-17T23:47:42.288|21.1700000763
2018-10-17T23:45:03.327|21.1599998474
2018-10-17T23:17:20.288|20.9099998474
2018-10-17T23:42:25.287|21.1399993896
2018-10-17T23:12:04.327|20.8700008392
2018-10-17T22:52:17.300|20.7399997711
2018-10-17T23:46:23.327|21.1700000763
2018-10-17T23:50:20.292|21.2000007629
2018-10-17T22:58:53.287|20.7900009155
2018-10-17T23:09:25.288|20.8600006104
2018-10-17T22:54:55.327|20.7600002289
2018-10-17T23:38:28.327|21.1100006104
2018-10-17T23:41:06.288|21.1399993896
2018-10-17T23:02:50.288|20.8199996948
2018-10-17T23:37:09.307|21.1000003815
2018-10-17T23:35:50.288|21.0900001526
2018-10-17T23:25:16.327|20.9799995422
2018-10-17T22:50:58.287|20.7299995422
2018-10-17T23:33:12.288|21.0599994659
2018-10-17T21:40:58.327|20.4799995422
2018-10-17T23:55:36.288|21.2199993134
2018-10-17T23:58:15.327|21.2399997711
2018-10-17T23:43:44.288|21.1599998474
2018-10-17T22:44:23.288|20.7000007629
2018-10-17T22:43:03.326|20.6900005341
2018-10-17T23:39:47.327|21.1200008392
2018-10-17T23:01:31.327|20.7999992371
2018-10-17T23:56:55.327|21.2299995422
2018-10-17T22:39:06.326|20.6700000763
2018-10-17T22:37:47.328|20.6599998474
2018-10-17T22:40:25.326|20.6700000763
2018-10-17T22:57:34.288|20.7800006866
2018-10-17T23:23:57.327|20.9699993134
2018-10-17T21:47:07.288|20.4899997711
2018-10-17T22:49:39.288|20.7199993134
2018-10-17T23:31:52.327|21.0499992371
2018-10-17T23:06:47.288|20.8299999237
2018-10-17T21:28:33.327|20.4599990845
2018-10-17T23:51:39.288|21.2000007629
2018-10-17T23:29:14.327|21.0200004578
2018-10-17T23:26:35.327|20.9899997711
2018-10-17T23:52:58.327|21.2099990845
2018-10-17T22:47:01.287|20.7199993134
2018-10-17T22:53:36.312|20.75
2018-10-17T23:14:42.297|20.8999996185
2018-10-17T23:22:38.288|20.9599990845
2018-10-17T23:30:33.288|21.0300006866
2018-10-17T23:10:44.327|20.8700008392
2018-10-17T23:18:39.335|20.9200000763
2018-10-17T22:36:27.327|20.6499996185
2018-10-17T23:08:06.288|20.8400001526
2018-10-17T23:04:09.287|20.8199996948
2018-10-17T21:21:15.527|20.4500007629
2018-10-17T23:13:23.288|20.8799991608
2018-10-17T21:52:50.364|20.5200004578
2018-10-17T23:54:17.288|21.2099990845
2018-10-17T23:21:19.288|20.9400005341
2018-10-17T22:48:20.326|20.7199993134
2018-10-17T22:34:28.355|20.6499996185
2018-10-17T23:49:01.288|21.1900005341
2018-08-25T02:26:18.848|19.2299995422
2018-08-25T02:16:12.848|19.1200008392
2018-08-25T01:00:23.848|18.75
2018-08-25T00:51:09.636|18.7000007629
2018-08-25T03:53:16.672|20.25
2018-08-25T02:11:53.848|19.0799999237
2018-08-25T02:28:37.809|19.25
2018-08-25T03:57:19.809|20.1700000763
2018-08-25T02:22:13.872|19.0400009155
2018-08-25T02:06:52.750|19.0400009155
2018-08-25T03:59:38.810|20.0799999237
2018-08-25T00:56:04.874|18.7199993134
2018-10-15T19:25:00.104|20.6599998474
2018-10-15T19:31:09.968|20.6800003052
2018-10-15T20:40:49.968|20.7399997711
2018-10-15T20:08:58.957|20.7099990845
2018-10-15T19:36:26.321|20.6800003052
2018-10-15T19:40:27.970|20.6900005341
2018-10-15T20:14:33.929|20.4599990845
2018-10-15T20:28:40.929|20.3799991608
2018-10-15T20:25:12.968|20.3500003815
2018-10-15T19:29:50.929|20.6700000763
2018-10-15T20:57:56.929|20.6599998474
2018-10-15T20:56:37.929|20.6499996185
2018-10-15T20:27:21.968|20.3700008392
2018-10-15T20:22:55.320|20.3899993896
2018-10-15T19:27:12.930|20.6700000763
2018-10-15T19:47:06.316|20.6900005341
2018-10-15T19:43:05.929|20.6900005341
2018-10-15T20:04:04.316|20.7099990845
2018-10-15T19:56:10.929|20.7000007629
2018-10-15T19:39:08.968|20.6800003052
2018-10-15T20:45:08.929|20.7199993134
2018-10-15T20:31:09.968|20.4899997711
2018-10-15T20:36:25.324|20.6299991608
2018-10-15T21:01:20.968|20.6700000763
2018-10-15T19:28:31.968|20.6700000763
2018-10-15T20:53:44.263|20.5900001526
2018-10-15T20:59:15.968|20.6599998474
2018-10-15T19:41:46.969|20.6900005341
2018-10-15T19:51:51.968|20.7000007629
2019-09-10T00:17:27.704|20.28
2019-09-10T02:08:11.661|21.14
2019-09-10T00:18:46.661|20.31
2019-09-10T02:17:59.676|21.04
2019-09-10T03:13:51.662|20.71
2019-09-10T00:12:01.661|20.21
2019-09-10T00:55:57.660|20.66
2019-09-10T01:05:45.661|20.75
2019-09-10T02:24:33.660|21.05
2019-09-10T03:17:05.661|20.75
2019-09-10T02:31:07.661|21.1
2019-09-10T01:51:43.704|21.17
2019-09-10T01:32:01.661|21.01
2019-09-10T02:01:37.662|21.18
2019-09-10T03:00:43.661|20.48
2019-09-10T02:47:35.661|20.93
2019-09-10T01:15:39.704|20.83
2019-09-10T02:50:49.661|20.96
2019-09-10T02:14:45.661|21.1
2019-09-10T02:04:51.708|21.16
2019-09-10T01:48:29.704|21.16
2019-09-10T02:54:09.704|20.83
2019-09-10T01:25:27.704|20.93
2019-09-10T00:52:37.704|20.64
2019-09-10T00:46:03.661|20.57
2019-09-10T00:05:11.661|20.15
2019-09-10T01:45:09.661|21.14
2019-09-10T00:02:28.700|20.1
2019-09-10T00:03:52.688|20.14
2019-09-10T00:36:15.661|20.55
2019-09-10T01:28:47.704|20.97
2019-09-10T00:09:18.661|20.18
2019-09-10T00:22:26.588|20.33
2019-09-10T00:07:54.668|20.17
2019-09-10T02:37:41.661|20.94
2019-09-10T01:18:53.661|20.87
2019-09-10T02:27:53.662|21.05
2019-09-10T02:41:01.661|20.81
2019-09-10T01:58:17.704|21.18
2019-09-10T00:29:41.660|20.45
2019-09-10T01:35:21.661|21.04
2019-09-10T03:23:39.661|20.97
2019-09-10T00:42:49.704|20.57
2019-09-10T00:13:20.704|20.23
2019-09-10T01:55:03.661|21.17
2019-09-10T00:10:37.660|20.18
2019-09-10T02:11:25.660|21.08
2019-09-10T02:57:23.704|20.67
2019-09-10T00:06:35.662|20.16
2019-09-10T00:16:03.704|20.26
2019-09-10T01:41:55.661|21.11
2019-09-10T01:38:35.661|21.08
2019-09-10T01:12:19.661|20.79
2019-09-10T02:21:19.660|21.0
2019-09-10T00:49:23.704|20.61
2019-09-10T00:14:44.661|20.25
2019-09-10T01:09:05.681|20.77
2019-09-10T03:07:17.661|20.68
2019-09-10T02:44:15.661|20.82
2019-09-10T03:20:25.704|20.85
2019-09-10T00:39:29.660|20.54
2019-09-10T01:22:13.661|20.89
2019-09-10T00:25:40.704|20.4
2019-09-10T02:34:27.704|21.08
2019-09-10T04:05:17.708|21.0
2019-09-10T01:02:31.660|20.72
2019-09-10T04:08:31.703|20.9
2019-09-10T00:01:09.704|20.09
2019-09-10T03:10:31.704|20.71
2019-09-10T00:32:55.661|20.52
2019-09-10T04:01:27.661|21.01
2019-09-10T00:59:11.660|20.68
2019-09-10T03:58:13.176|21.01
2019-09-10T03:03:57.661|20.65
2019-08-28T23:22:40.699|21.12
2019-08-28T21:31:46.704|20.96
2019-08-28T22:51:20.699|21.12
2019-08-28T23:26:46.656|21.12
2019-08-28T22:41:22.699|21.12
2019-08-28T23:13:29.657|21.11
2019-08-28T21:33:58.704|21.01
2019-08-28T21:29:28.686|21.1
2019-08-28T23:40:04.656|21.11
2019-08-28T23:11:27.656|21.11
2019-08-28T22:30:42.656|21.12
2019-08-28T23:19:36.656|21.12
2019-08-28T22:17:23.015|21.15
2019-08-28T21:35:07.661|20.84
2019-08-28T23:30:53.679|21.13
2019-08-28T23:18:35.656|21.12
2019-08-28T22:20:27.656|21.15
2019-08-28T23:48:13.656|21.15
2019-08-28T23:14:30.699|21.11
2019-08-28T23:25:45.656|21.12
2019-08-28T22:35:32.660|21.12
2019-08-28T23:20:37.656|21.12
2019-08-28T23:59:24.699|21.15
2019-08-28T22:39:20.655|21.12
2019-08-28T22:22:30.699|21.14
2019-08-28T22:18:24.656|21.15
2019-08-28T22:49:18.699|21.12
2019-08-28T21:30:37.704|21.09
2019-08-28T22:57:29.699|21.12
2019-08-28T22:52:22.656|21.12
2019-08-28T22:46:11.699|21.12
2019-08-28T22:50:19.656|21.12
2019-08-28T22:23:32.656|21.14
2019-08-28T22:44:09.656|21.12
2019-08-28T23:47:12.656|21.14
2019-08-28T23:31:54.656|21.13
2019-08-28T22:45:10.656|21.12
2019-08-28T23:12:28.656|21.11
2019-08-28T23:56:21.656|21.15
2019-08-28T21:26:42.665|20.84
2019-08-28T23:41:05.699|21.12
2019-08-28T22:58:31.656|21.11
2019-08-28T22:21:29.656|21.15
2019-08-28T23:39:02.699|21.11
2019-08-28T23:29:51.656|21.13
2019-08-28T23:50:15.656|21.15
2019-08-28T22:55:26.699|21.12
2019-08-28T21:32:50.592|20.82
2019-08-28T22:48:17.655|21.13
2019-08-28T23:27:48.699|21.12
2019-08-28T23:38:00.679|21.11
2019-08-28T23:05:39.711|21.11
2019-08-28T22:56:28.656|21.12
2019-08-28T22:25:35.655|21.11
2019-08-28T23:04:38.656|21.11
2019-08-28T23:16:33.656|21.12
2019-08-28T22:37:17.656|21.12
2019-08-28T23:55:20.656|21.14
2019-08-28T22:34:31.656|21.12
2019-08-28T23:28:50.656|21.13
2019-08-28T22:26:37.703|21.11
2019-08-28T22:38:19.656|21.12
2019-08-28T23:51:16.657|21.15
2019-08-28T23:02:36.699|21.11
2019-08-28T22:59:32.656|21.11
2019-08-28T23:58:23.657|21.14
2019-08-28T23:01:35.699|21.11
2019-08-28T23:15:32.656|21.12
2019-08-28T23:54:19.656|21.15
2019-08-28T23:42:07.656|21.12
2019-08-28T22:31:44.699|21.12
2019-08-28T23:52:17.656|21.15
2019-08-28T22:53:23.699|21.12
2019-08-28T23:17:34.655|21.12
2019-08-28T22:27:39.655|21.11
2019-08-28T23:43:08.656|21.14
2019-08-28T22:42:24.699|21.12
2019-08-28T23:44:09.699|21.14
2019-08-28T22:54:25.656|21.12
2019-08-28T23:45:10.656|21.14
2019-08-28T23:32:55.656|21.13
2019-08-28T22:33:29.700|21.12
2019-08-28T23:00:33.656|21.11
2019-08-28T23:57:22.656|21.15
2019-08-28T23:23:42.656|21.12
2019-08-28T23:21:38.699|21.12
2019-08-28T23:35:58.656|21.12
2019-08-28T23:53:18.656|21.15
2019-08-28T22:28:40.656|21.12
2019-08-28T22:24:33.657|21.11
2019-08-28T21:36:15.661|20.38
2019-08-28T23:46:11.656|21.14
2019-08-28T23:49:14.656|21.15
2019-08-28T23:07:41.656|21.11
2019-08-28T23:36:59.656|21.12
2019-08-28T23:03:37.656|21.11
2019-08-28T22:19:25.699|21.15
2019-08-28T21:25:21.588|20.52
2019-08-28T23:24:43.699|21.12
2019-08-28T22:29:41.699|21.12
2019-08-28T22:40:21.655|21.12
2019-08-28T23:33:56.656|21.12
2019-08-28T23:06:40.656|21.11
2019-08-28T23:34:57.656|21.12
2018-05-12T23:55:20.604|21.3799991608
2018-04-30T00:03:48.619|18.0599994659
2018-04-30T23:54:20.919|18.6700000763
2018-04-30T22:53:00.171|19.0300006866
2018-04-30T22:47:53.720|19.1000003815
2018-04-30T00:09:44.431|18.3700008392
2018-04-30T00:13:47.335|18.3500003815
2019-08-11T21:41:37.661|19.3
2019-08-11T22:53:00.764|19.31
2018-01-08T01:19:40.773|20.1599998474
2018-01-08T01:17:02.811|20.2099990845
2018-01-08T01:18:21.773|20.1900005341
2018-01-08T00:48:04.811|20.6000003815
2018-01-08T00:21:44.811|20.8299999237
2018-01-08T00:59:55.811|20.4599990845
2018-01-08T00:38:51.772|20.6800003052
2018-01-08T00:28:19.811|20.7600002289
2018-01-08T00:58:36.811|20.4799995422
2018-01-08T01:06:30.799|20.3600006104
2018-01-08T01:26:15.772|20.0699996948
2018-01-08T00:40:10.811|20.6700000763
2018-01-08T01:31:31.811|20.0
2018-01-08T00:08:34.811|20.9599990845
2018-01-08T00:05:56.811|20.9899997711
2018-01-08T00:52:01.777|20.5599994659
2018-01-08T00:36:13.784|20.7099990845
2018-01-08T00:46:45.811|20.6100006104
2018-01-08T00:03:18.811|21.0100002289
2018-01-08T00:23:03.811|20.8199996948
2018-01-08T00:34:54.811|20.7199993134
2018-01-08T00:25:41.772|20.7800006866
2018-01-08T00:01:59.811|21.0300006866
2018-01-08T00:12:31.811|20.9200000763
2018-01-08T01:20:59.772|20.1499996185
2018-01-08T00:53:20.811|20.5400009155
2018-01-08T00:16:28.772|20.8799991608
2018-01-08T00:20:25.811|20.8400001526
2018-01-08T01:05:11.811|20.3799991608
2018-01-08T00:19:06.811|20.8600006104
2018-01-08T00:57:17.811|20.5
2018-01-08T01:32:50.811|19.9799995422
2018-01-08T00:30:57.800|20.75
2018-01-08T01:23:37.811|20.1100006104
2018-01-08T01:15:43.811|20.2299995422
2018-01-08T01:01:14.811|20.4400005341
2018-01-08T01:03:52.791|20.4099998474
2018-01-08T00:42:48.772|20.6499996185
2018-01-08T01:30:12.811|20.0200004578
2018-01-08T01:10:27.773|20.2999992371
2018-01-08T01:14:24.811|20.2399997711
2018-01-08T00:54:39.809|20.5200004578
2018-01-08T00:00:40.811|21.0499992371
2018-01-08T01:22:18.811|20.1299991608
2018-01-08T00:07:15.786|20.9799995422
2018-01-08T00:50:42.811|20.5699996948
2018-01-08T00:41:29.773|20.6599998474
2018-01-08T00:45:26.772|20.6200008392
2018-01-08T00:29:38.772|20.75
2018-01-08T00:24:22.811|20.7999992371
2018-01-08T01:28:53.772|20.0300006866
2018-01-08T00:15:09.811|20.8899993896
2018-01-08T00:27:00.811|20.7700004578
2018-01-08T01:27:34.811|20.0499992371
2018-01-08T00:09:53.811|20.9500007629
2018-01-08T00:11:12.811|20.9300003052
2018-01-08T00:49:23.811|20.5799999237
2018-01-08T01:24:56.773|20.0799999237
2018-01-08T00:44:07.811|20.6399993896
2018-01-08T01:02:33.811|20.4300003052
2018-01-08T00:32:16.811|20.7399997711
2018-01-08T00:33:35.794|20.7199993134
2018-01-08T01:11:46.772|20.2800006866
2018-01-08T00:17:47.773|20.8700008392
2018-01-08T00:55:58.772|20.5100002289
2018-01-08T00:04:37.811|21.0100002289
2018-01-08T00:13:50.811|20.8999996185
2018-01-08T01:13:05.811|20.2600002289
2018-01-08T01:09:08.811|20.3199996948
2018-01-08T01:07:49.811|20.3400001526
2018-01-08T00:37:32.811|20.6900005341
2019-09-09T23:08:57.704|19.97
2019-09-09T22:15:31.661|19.88
2019-09-09T22:20:27.662|19.89
2019-09-09T23:38:30.661|20.07
2019-09-09T22:56:25.705|19.94
2019-09-09T22:42:24.660|19.91
2019-09-09T22:55:11.660|19.93
2019-09-09T23:42:12.661|20.1
2019-09-09T21:53:35.660|19.81
2019-09-09T21:35:30.661|19.81
2019-09-09T23:10:11.704|19.98
2019-09-09T23:16:21.704|19.99
2019-09-09T22:38:42.704|19.9
2019-09-09T23:17:35.661|19.99
2019-09-09T23:11:25.704|19.98
2019-09-09T23:34:13.704|20.04
2019-09-09T23:12:39.704|19.98
2019-09-09T23:54:19.661|19.96
2019-09-09T22:57:39.660|19.94
2019-09-09T22:05:55.661|19.83
2019-09-09T22:32:32.681|19.9
2019-09-09T23:55:43.704|19.95
2019-09-09T22:30:04.661|19.89
2019-09-09T23:23:05.704|20.0
2019-09-09T23:36:02.704|20.05
2019-09-09T22:03:27.661|19.83
2019-09-09T23:37:16.704|20.06
2019-09-09T22:28:50.704|19.89
2019-09-09T22:47:47.708|19.92
2019-09-09T23:28:02.704|20.02
2019-09-09T22:11:49.660|19.87
2019-09-09T22:10:35.704|19.87
2019-09-09T23:57:02.660|19.99
2019-09-09T21:57:17.704|19.81
2019-09-09T23:07:43.661|19.97
2019-09-09T22:24:09.661|19.89
2019-09-09T23:19:23.704|20.0
2019-09-09T22:36:14.661|19.9
2019-09-09T22:04:41.661|19.83
2019-09-09T21:37:58.661|19.81
2019-09-09T22:41:10.661|19.91
2019-09-09T22:33:46.704|19.89
2019-09-09T23:39:44.661|20.07
2019-09-09T23:25:33.661|20.01
2019-09-09T23:43:26.661|20.12
2019-09-09T22:45:19.704|19.91
2019-09-09T21:36:44.661|19.81
2019-09-09T22:37:28.671|19.9
2019-09-09T23:21:51.661|20.0
2019-09-09T22:21:41.704|19.89
2019-09-09T22:49:01.704|19.92
2019-09-09T23:05:15.704|19.96
2019-09-09T21:59:45.661|19.82
2019-09-09T23:50:50.662|20.08
2019-09-09T22:09:21.661|19.87
2019-09-09T23:44:40.704|20.11
2019-09-09T22:22:55.661|19.89
2019-09-09T21:44:08.661|19.81
2019-09-09T22:51:29.661|19.93
2019-09-09T22:58:53.708|19.94
2019-09-09T22:53:57.661|19.93
2019-09-09T23:32:59.661|20.04
2019-09-09T22:50:15.661|19.92
2019-09-09T23:59:45.661|20.06
2019-09-09T22:14:17.661|19.88
2019-09-09T23:40:58.661|20.08
2019-09-09T23:15:07.704|19.99
2019-09-09T22:13:03.661|19.88
2019-09-09T21:56:03.704|19.81
2019-09-09T21:52:21.704|19.81
2019-09-09T23:29:17.704|20.02
2019-09-09T21:34:16.661|19.81
2019-09-09T21:39:12.661|19.81
2019-09-09T23:53:00.968|20.01
2019-09-09T23:30:31.704|20.02
2019-09-09T23:48:22.704|20.08
2019-09-09T22:19:13.704|19.89
2019-09-09T22:31:18.661|19.89
2019-09-09T22:02:13.661|19.82
2019-09-09T21:54:49.661|19.81
2019-09-09T23:20:37.704|20.0
2019-09-09T21:51:07.704|19.81
2019-09-09T23:58:26.661|20.02
2019-09-09T22:46:33.682|19.92
2019-09-09T22:39:56.661|19.91
2019-09-09T23:45:54.661|20.1
2019-09-09T23:49:36.661|20.07
2019-09-09T22:35:00.704|19.89
2019-09-09T21:40:26.661|19.81
2019-09-09T23:00:07.660|19.95
2019-09-09T23:13:53.665|19.98
2019-09-09T21:33:02.704|19.81
2019-09-09T21:41:40.661|19.81
2019-09-09T21:58:31.661|19.82
2019-09-09T22:16:45.661|19.88
2019-09-09T22:00:59.704|19.82
2019-09-09T22:17:59.660|19.88
2019-09-09T23:31:45.661|20.04
2019-09-09T23:47:08.661|20.1
2019-09-09T22:52:43.661|19.93
2019-09-09T23:06:29.704|19.97
2019-09-09T21:42:54.661|19.81
2019-09-09T21:31:48.832|19.8
2019-09-09T22:27:36.661|19.89
2019-09-09T23:26:47.677|20.01
2019-09-09T23:24:19.704|20.0
2018-04-21T01:19:37.689|21.5799999237
2018-04-21T00:34:46.727|21.4799995422
2018-04-21T00:17:13.727|21.3999996185
2018-04-21T02:01:03.727|21.5900001526
2018-04-21T00:41:11.728|21.5
2018-04-21T01:53:39.689|21.6000003815
2018-04-21T00:04:18.727|21.3500003815
2018-04-21T01:12:39.693|21.5799999237
2018-04-21T00:10:42.727|21.3700008392
2018-04-21T00:46:28.769|21.5200004578
2018-04-21T01:01:29.727|21.5499992371
2018-04-21T00:22:30.761|21.4200000763
2018-04-21T01:37:34.727|21.6000003815
2018-04-21T00:53:30.728|21.5400009155
2018-04-21T01:48:08.727|21.6000003815
2018-04-21T01:06:46.727|21.5699996948
2018-04-21T00:28:18.717|21.4500007629
2018-04-21T01:42:51.727|21.6000003815
2018-04-21T02:07:23.727|21.5900001526
2018-04-21T01:30:59.688|21.6000003815
2018-04-21T01:25:42.727|21.6000003815
2018-09-24T00:00:01.292|18.7299995422
2018-09-24T00:05:20.328|18.7299995422
2018-09-24T00:12:20.300|18.7399997711
2018-09-24T00:18:34.320|18.75
2019-08-25T21:42:30.093|21.15
2019-08-25T22:49:28.094|21.17
2019-08-25T23:04:43.136|21.19
2019-08-25T22:19:24.093|21.15
2019-08-25T21:38:24.140|21.14
2019-08-25T22:33:58.093|21.15
2019-08-25T23:03:27.128|21.17
2019-08-25T23:00:55.136|21.18
2019-08-25T22:05:44.094|21.17
2019-08-25T22:13:56.136|21.17
2019-08-25T23:02:11.136|21.18
2019-08-25T21:31:34.093|21.1
2019-08-25T21:24:44.094|21.04
2019-08-25T22:01:38.094|21.1
2019-08-25T22:08:28.094|21.16
2019-08-25T21:22:00.094|21.01
2019-08-25T21:54:48.093|21.15
2019-08-25T22:56:17.136|21.17
2019-08-25T22:18:02.094|21.17
2019-08-25T22:16:40.094|21.17
2019-08-25T21:58:54.094|21.13
2019-08-25T21:20:38.093|20.98
2019-08-25T21:47:58.140|21.15
2019-08-25T21:41:08.093|21.15
2019-08-25T21:17:54.136|20.91
2019-08-25T22:00:16.093|21.1
2019-08-25T21:37:02.093|21.14
2019-08-25T21:23:22.093|21.03
2019-08-25T21:56:10.136|21.15
2019-08-25T21:52:04.093|21.15
2019-08-25T21:15:10.093|20.82
2019-08-25T21:53:26.093|21.15
2019-08-25T22:53:45.136|21.16
2019-08-25T22:48:12.136|21.17
2019-08-25T22:11:12.094|21.17
2019-08-25T21:28:50.093|21.09
2019-08-25T21:19:16.099|20.95
2019-08-25T22:23:30.094|21.15
2019-08-25T21:50:42.136|21.15
2019-08-25T21:39:46.093|21.15
2019-08-25T21:57:32.094|21.15
2019-08-25T22:12:34.094|21.18
2019-08-25T21:45:14.094|21.15
2019-08-25T21:49:20.093|21.15
2019-08-25T22:20:46.094|21.15
2019-08-25T22:55:01.136|21.17
2019-08-25T21:43:52.093|21.15
2019-08-25T22:31:14.169|21.15
2019-08-25T21:16:32.094|20.86
2019-08-25T22:15:18.093|21.17
2019-08-25T21:26:06.136|21.06
2019-08-25T22:32:36.096|21.15
2019-08-25T21:46:36.109|21.15
2019-08-25T22:52:27.143|21.17
2019-08-25T21:32:56.136|21.12
2019-08-25T22:22:08.094|21.15
2019-08-25T22:03:00.094|21.14
2019-08-25T22:46:56.136|21.17
2019-08-25T22:09:50.093|21.17
2019-08-25T22:04:22.094|21.16
2019-08-25T21:13:42.660|20.76
2019-08-25T21:30:12.094|21.1
2019-08-25T22:45:40.372|21.17
2019-08-25T22:59:35.114|21.18
2019-08-25T22:24:52.094|21.15
2019-08-25T22:43:42.918|21.17
2019-08-25T21:35:40.093|21.13
2019-08-25T22:07:06.094|21.17
2019-08-25T21:34:18.136|21.13
2019-08-25T21:27:28.094|21.08
2019-09-13T21:55:08.238|18.62
2019-09-13T23:35:27.236|18.5
2019-09-13T23:08:44.236|18.54
2019-09-13T21:23:21.657|18.65
2019-09-13T21:08:32.700|18.71
2019-09-13T21:05:58.657|18.77
2019-09-13T23:03:18.237|18.54
2019-09-13T21:46:15.870|18.64
2019-09-13T22:16:53.283|18.61
2019-09-13T22:21:38.283|18.61
2019-09-13T22:15:37.236|18.6
2019-09-13T22:11:37.235|18.6
2019-09-13T22:05:04.927|18.57
2019-09-13T23:19:53.236|18.47
2019-09-13T22:38:29.236|18.57
2019-09-13T22:50:19.279|18.49
2019-09-13T23:32:16.236|18.51
2019-09-13T22:18:15.235|18.59
2019-09-13T21:52:36.236|18.62
2019-09-13T22:54:46.236|18.46
2019-09-13T23:52:04.235|18.48
2019-09-13T21:14:36.700|18.7
2019-09-13T23:10:00.235|18.53
2019-09-13T22:25:01.255|18.51
2019-09-13T22:32:31.246|18.56
2019-09-13T22:59:53.238|18.54
2019-09-13T22:19:31.238|18.6
2019-09-13T22:22:54.279|18.58
2019-09-13T23:28:05.236|18.48
2019-09-13T21:07:18.700|18.76
2019-09-13T21:19:33.657|18.68
2019-09-13T22:42:20.235|18.55
2019-09-13T23:49:23.235|18.48
2019-09-13T22:46:20.283|18.53
2019-09-13T23:05:13.254|18.54
2019-09-13T21:51:20.264|18.62
2019-09-13T21:50:04.278|18.62
2019-09-13T22:06:21.272|18.54
2019-09-13T21:22:07.657|18.63
2019-09-13T21:10:48.657|18.68
2019-09-13T21:18:13.667|18.68
2019-09-13T23:02:02.279|18.54
2019-09-13T22:33:53.236|18.57
2019-09-13T22:35:09.236|18.57
2019-09-13T23:44:21.236|18.49
2019-09-13T23:13:41.279|18.53
2019-09-13T23:14:57.279|18.53
2019-09-13T23:45:37.236|18.49
2019-09-13T23:40:00.279|18.51
2019-09-13T21:20:47.700|18.7
2019-09-13T22:28:37.236|18.52
2019-09-13T23:18:37.242|18.49
2019-09-13T21:53:52.235|18.62
2019-09-13T22:12:59.236|18.58
2019-09-13T21:47:32.278|18.64
2019-09-13T22:26:17.236|18.51
2019-09-13T21:12:02.661|18.64
2019-09-13T23:33:32.236|18.51
2019-09-13T22:47:36.236|18.54
2019-09-13T22:08:59.235|18.57
2019-09-13T21:48:48.236|18.64
2019-09-13T23:06:29.236|18.54
2019-09-13T23:26:49.236|18.48
2019-09-13T22:53:30.279|18.46
2019-09-13T22:51:35.261|18.46
2019-09-13T22:58:37.239|18.53
2019-09-13T21:56:24.279|18.62
2019-09-13T23:36:43.236|18.49
2019-09-13T22:31:15.236|18.55
2019-09-13T22:29:53.279|18.56
2019-09-13T23:41:16.236|18.48
2019-09-13T22:41:04.279|18.55
2019-09-13T21:16:59.657|18.64
2019-09-13T23:56:47.279|18.51
2019-09-13T22:10:21.235|18.59
2019-09-13T21:13:22.661|18.61
2019-09-13T22:39:45.260|18.5
2019-09-13T22:14:15.279|18.5
2019-09-13T23:23:48.279|18.5
2019-09-13T22:07:43.279|18.57
2019-09-13T23:25:04.236|18.48
2019-09-13T23:48:07.236|18.48
2019-09-13T21:04:44.232|18.8
2018-12-03T23:56:24.318|21.0100002289
2018-12-03T23:30:13.279|21.0200004578
2018-12-03T23:14:36.318|21.0699996948
2018-12-03T22:14:34.318|21.0699996948
2018-12-03T22:45:05.288|21.0400009155
2018-12-03T23:58:29.279|21.0100002289
2018-12-03T22:59:16.318|21.0499992371
2018-12-03T23:46:42.318|21.0300006866
2018-12-03T23:42:47.375|21.0300006866
2018-12-03T22:18:46.318|21.0699996948
2018-12-03T23:04:56.594|21.0699996948
2018-12-03T22:17:11.318|21.0599994659
2018-12-03T23:27:10.279|21.0300006866
2018-12-03T23:37:51.674|21.0300006866
2018-12-03T22:40:01.319|21.0400009155
2018-12-03T23:44:51.279|21.0300006866
2018-12-03T23:52:24.318|21.0300006866
2018-12-03T23:50:31.650|21.0300006866
2018-12-03T22:56:25.279|21.0499992371
2018-12-03T23:54:19.319|21.0300006866
2018-12-03T22:11:01.606|21.0599994659
2018-12-03T22:30:08.318|21.0400009155
2018-12-03T22:23:06.618|21.0499992371
2018-12-03T23:40:43.319|21.0300006866
2018-12-03T22:35:18.671|21.0499992371
2018-12-03T22:13:00.279|21.0599994659
2018-12-03T21:51:53.070|21.0300006866
2018-12-03T22:27:35.279|21.0300006866
2018-12-03T22:52:55.660|21.0499992371
2018-12-03T23:24:33.989|21.0499992371
2018-12-03T21:57:50.279|21.0499992371
2018-12-03T22:02:55.318|21.0499992371
2018-12-03T23:10:00.353|21.0599994659
2018-04-25T23:08:33.292|19.1399993896
2018-04-25T23:10:11.331|19.1499996185
2018-04-25T23:07:44.330|19.1299991608
2018-04-25T23:09:22.310|19.1399993896
2018-04-25T23:05:17.187|19.1299991608
2018-10-21T23:09:53.085|19.1200008392
2018-10-21T21:54:18.330|19.1100006104
2018-10-21T22:49:20.291|19.1200008392
2018-10-21T23:15:13.508|19.1200008392
2018-10-21T22:58:04.307|19.1200008392
2018-10-21T23:04:03.330|19.1100006104
2018-10-21T21:33:38.330|19.1000003815
2018-10-21T23:06:44.219|19.1200008392
2018-10-21T21:23:51.331|19.1000003815
2018-10-21T23:00:10.292|19.1200008392
2018-10-21T21:20:43.344|19.1000003815
2018-10-21T22:33:49.051|19.1100006104
2018-10-21T21:28:38.331|19.1100006104
2018-10-21T22:41:13.011|19.1100006104
2018-10-21T23:06:08.292|19.1200008392
2018-10-21T21:23:04.330|19.1000003815
2018-10-21T22:58:46.330|19.1200008392
2018-10-21T21:22:17.334|19.1000003815
2018-10-21T21:44:42.356|19.1200008392
2018-10-21T21:38:24.331|19.1000003815
2018-10-21T22:45:13.231|19.1100006104
2018-10-21T21:21:30.338|19.1000003815
2018-10-21T23:08:12.145|19.1200008392
2018-10-21T21:49:00.292|19.1100006104
2018-10-21T21:39:11.372|19.1100006104
2018-10-21T21:43:55.354|19.1200008392
2018-10-21T21:42:21.330|19.1100006104
2018-10-21T21:37:37.331|19.1100006104
2018-10-21T21:51:14.331|19.1100006104
2018-10-21T21:26:19.331|19.1100006104
2018-10-21T22:51:26.451|19.1100006104
2018-10-21T21:53:00.331|19.1100006104
2018-10-21T21:29:25.326|19.1100006104
2018-10-21T21:45:29.366|19.1200008392
2018-10-21T21:30:44.388|19.1000003815
2018-10-21T21:32:51.330|19.1000003815
2018-10-21T23:02:33.331|19.1100006104
2018-10-21T22:43:00.331|19.1100006104
2018-10-21T22:47:56.247|19.1100006104
2018-10-21T21:34:25.331|19.1000003815
2018-10-21T22:54:43.127|19.1200008392
2018-10-21T22:32:28.654|19.1000003815
2018-10-21T22:32:43.271|19.1000003815
2018-10-21T21:43:08.339|19.1100006104
2018-10-21T23:13:30.059|19.1200008392
2018-10-21T22:54:07.291|19.1200008392
2018-10-21T21:27:51.310|19.1100006104
2018-10-21T21:35:12.370|19.1000003815
2018-10-21T23:01:51.245|19.1100006104
2018-10-21T22:56:23.366|19.1200008392
2018-10-21T23:12:16.330|19.1200008392
2018-10-21T21:18:57.330|19.0900001526
2018-10-21T21:18:05.358|19.0900001526
2018-10-21T23:11:34.331|19.1200008392
2018-10-21T21:36:50.330|19.1100006104
2018-10-21T22:59:28.331|19.1200008392
2018-10-21T21:46:16.330|19.1200008392
2018-04-24T22:20:28.804|18.9699993134
2018-04-24T22:25:25.850|18.75
2018-04-24T22:24:36.888|18.5900001526
2018-04-24T22:23:47.889|18.8600006104
2018-04-24T22:26:58.888|19.1499996185
2019-05-02T23:10:49.713|21.56
2019-05-02T22:49:59.670|21.54
2019-05-02T23:02:54.670|21.58
2019-05-02T23:23:11.713|20.39
2019-05-02T23:30:24.713|20.77
2019-05-02T23:00:12.713|21.57
2019-05-02T22:55:21.674|21.57
2019-05-02T23:38:29.713|21.59
2019-05-02T22:58:52.671|21.57
2019-05-02T22:56:41.713|21.57
2019-05-02T23:39:50.713|21.57
2019-05-02T22:54:00.670|21.56
2019-05-02T23:12:09.713|21.55
2019-05-02T23:56:32.713|21.59
2019-05-02T23:21:50.713|20.86
2019-05-02T23:37:08.713|21.57
2019-05-02T23:13:29.670|20.33
2019-05-02T23:43:52.713|21.59
2019-05-02T23:01:33.671|21.58
2019-05-02T23:47:24.713|21.58
2019-05-02T23:09:29.670|21.57
2019-05-02T23:59:13.713|21.6
2019-05-02T22:52:39.713|21.55
2019-05-02T22:51:19.670|21.55
2019-05-02T23:31:44.713|21.11
2019-05-02T23:48:44.713|21.59
2019-05-02T23:35:47.713|21.56
2019-05-02T23:45:13.713|21.58
2019-05-02T23:05:36.670|21.57
2018-09-28T22:55:14.330|19.5599994659
2018-09-28T21:50:35.331|19.8600006104
2018-09-28T23:29:47.292|19.4500007629
2018-09-28T23:20:27.331|19.4799995422
2018-09-28T23:43:07.331|19.4099998474
2018-09-28T21:22:35.292|19.9899997711
2018-09-28T23:35:07.331|19.4200000763
2018-09-28T22:44:34.291|19.5900001526
2018-09-28T22:37:02.292|19.6100006104
2018-09-28T23:31:07.331|19.4400005341
2018-09-28T21:39:55.331|19.9099998474
2018-09-28T23:13:47.331|19.4799995422
2018-09-28T22:39:42.331|19.6000003815
2018-09-28T23:24:27.330|19.4599990845
2018-09-28T22:38:22.330|19.6100006104
2018-09-28T21:21:15.291|20.0
2018-09-28T21:51:55.331|19.8400001526
2018-09-28T23:56:27.293|19.3799991608
2018-09-28T21:47:55.331|19.8799991608
2018-09-28T21:29:15.292|19.9599990845
2018-09-28T22:25:02.333|19.6700000763
2018-09-28T23:51:07.331|19.3899993896
2018-09-28T22:15:42.331|19.7299995422
2018-09-28T23:02:31.331|19.5300006866
2018-09-28T22:49:54.330|19.5699996948
2018-09-28T22:07:42.331|19.7800006866
2018-09-28T21:38:35.331|19.9200000763
2018-09-28T21:27:55.291|19.9599990845
2018-09-28T21:37:15.291|19.9200000763
2018-09-28T22:21:02.331|19.6900005341
2018-09-28T23:45:47.292|19.3999996185
2018-09-28T22:47:14.291|19.5799999237
2018-09-28T23:37:47.291|19.4200000763
2018-09-28T22:53:54.292|19.5599994659
2018-09-28T23:16:27.332|19.4799995422
2018-09-28T23:44:27.331|19.3999996185
2018-09-28T22:05:02.331|19.7900009155
2018-09-28T23:39:07.292|19.4200000763
2018-09-28T21:23:55.331|19.9899997711
2018-09-28T23:36:27.331|19.4200000763
2018-09-28T23:19:07.331|19.4799995422
2018-09-28T21:19:55.331|20.0
2018-09-28T23:59:07.292|19.3700008392
2018-09-28T22:29:02.332|19.6499996185
2018-09-28T23:05:11.294|19.5300006866
2018-09-28T23:28:27.311|19.4500007629
2018-09-28T21:57:02.330|19.8400001526
2018-09-28T23:40:27.292|19.4200000763
2018-09-28T22:13:02.291|19.7399997711
2018-09-28T23:55:07.331|19.3799991608
2018-09-28T21:33:15.331|19.9400005341
2018-09-28T22:26:22.292|19.6599998474
2018-09-28T21:55:42.292|19.8400001526
2018-09-28T23:09:11.294|19.5
2018-09-28T23:10:31.295|19.5
2018-09-28T21:45:15.311|19.8799991608
2018-09-28T23:47:07.331|19.4099998474
2018-09-28T21:41:15.291|19.8999996185
2018-09-28T22:10:22.331|19.75
2018-09-28T21:30:35.291|19.9500007629
2018-09-28T22:33:02.291|19.6299991608
2018-09-28T22:01:02.331|19.8099994659
2018-09-28T23:48:27.331|19.4099998474
2018-09-28T21:17:15.324|20.0200004578
2018-09-28T21:15:03.190|20.0300006866
2018-09-28T23:07:51.331|19.5
2018-09-28T22:43:14.331|19.6000003815
2018-09-28T21:42:35.331|19.8999996185
2018-09-28T22:18:22.291|19.7099990845
2018-09-28T23:11:51.292|19.5
2018-09-28T22:22:22.291|19.6800003052
2018-09-28T22:31:42.331|19.6399993896
2018-09-28T21:31:55.292|19.9500007629
2018-09-28T22:48:34.331|19.5699996948
2018-09-28T21:26:35.331|19.9799995422
2018-09-28T21:18:35.321|20.0100002289
2018-09-28T23:32:27.292|19.4300003052
2018-09-28T21:49:15.292|19.8700008392
2018-09-28T22:41:54.331|19.5900001526
2018-09-28T23:21:47.331|19.4699993134
2018-09-28T22:03:42.292|19.7999992371
2018-09-28T22:51:14.331|19.5699996948
2018-09-28T23:53:47.331|19.3799991608
2018-09-28T22:14:22.291|19.7299995422
2018-09-28T22:45:54.292|19.5799999237
2018-09-28T23:25:47.292|19.4500007629
2018-09-28T22:52:34.292|19.5699996948
2018-09-28T22:30:22.331|19.6499996185
2018-09-28T22:57:54.331|19.5499992371
2018-09-28T21:43:55.331|19.8999996185
2018-09-28T22:34:22.311|19.6299991608
2018-09-28T21:59:42.331|19.8199996948
2018-09-28T21:34:35.293|19.9300003052
2018-09-28T22:17:02.331|19.7099990845
2018-09-28T21:58:22.333|19.8299999237
2018-09-28T23:03:51.293|19.5300006866
2018-09-28T22:59:51.331|19.5300006866
2018-09-28T23:41:47.292|19.4200000763
2018-09-28T22:06:22.291|19.7800006866
2018-09-28T23:17:47.292|19.4799995422
2018-09-28T21:46:35.331|19.8799991608
2018-09-28T23:15:07.292|19.4799995422
2018-09-28T22:09:02.292|19.7600002289
2018-09-28T23:27:07.331|19.4599990845
2018-09-28T23:57:47.331|19.3799991608
2018-09-28T22:02:22.293|19.7999992371
2018-09-28T21:35:55.331|19.9300003052
2018-09-28T22:56:34.292|19.5499992371
2018-09-28T23:23:07.292|19.4599990845
2018-09-28T23:49:47.331|19.4200000763
2018-09-28T23:01:11.334|19.5300006866
2018-09-28T22:23:42.331|19.6700000763
2018-09-28T22:19:42.292|19.7000007629
2018-09-28T23:33:47.292|19.4300003052
2018-09-28T23:52:27.331|19.3799991608
2018-09-28T23:06:31.308|19.5100002289
2018-09-28T22:11:42.330|19.75
2018-09-28T21:54:22.332|19.8400001526
2018-09-28T22:35:42.292|19.6200008392
2018-09-28T21:25:15.302|19.9799995422
2018-09-28T22:27:42.331|19.6499996185
2018-08-24T23:12:55.842|18.6499996185
2018-08-24T23:49:07.848|18.6599998474
2018-08-24T23:33:43.632|18.6299991608
2018-08-24T22:41:02.809|18.6700000763
2018-08-24T22:10:03.809|18.75
2018-08-24T23:03:56.629|18.6700000763
2018-08-24T23:22:09.848|18.6299991608
2018-08-24T23:51:03.848|18.6599998474
2018-08-24T22:12:07.808|18.75
2018-08-24T23:09:49.848|18.6399993896
2018-08-24T22:58:03.809|18.7000007629
2018-08-24T23:54:02.809|18.6700000763
2018-08-24T22:59:22.809|18.6900005341
2018-08-24T23:35:48.809|18.6299991608
2018-08-24T22:45:21.809|18.6700000763
2018-08-24T22:28:33.848|18.7099990845
2018-08-24T23:37:07.848|18.6299991608
2018-08-24T22:13:26.808|18.75
2018-08-24T23:08:30.848|18.5900001526
2018-08-24T23:17:14.690|18.5799999237
2018-08-24T22:52:49.636|18.6900005341
2018-08-24T23:44:56.670|18.6499996185
2018-08-24T23:06:15.848|18.6399993896
2018-08-24T23:38:26.848|18.6299991608
2018-08-24T22:56:44.848|18.7099990845
2018-08-24T22:14:45.809|18.7399997711
2018-08-24T23:55:21.848|18.6700000763
2018-08-24T22:19:05.648|18.7399997711
2018-08-24T23:26:28.809|18.6499996185
2018-08-24T22:24:14.848|18.7199993134
2018-08-24T22:36:38.636|18.6800003052
2018-08-24T22:05:45.636|18.75
2018-08-24T23:39:45.846|18.6299991608
2018-08-24T22:55:25.864|18.7099990845
2018-09-29T00:57:47.331|19.1000003815
2018-09-29T01:28:14.331|18.9099998474
2018-09-29T00:28:27.331|19.25
2018-09-29T00:20:27.292|19.2900009155
2018-09-29T01:29:34.331|18.8999996185
2018-09-29T00:05:47.292|19.3500003815
2018-09-29T01:16:14.331|18.9799995422
2018-09-29T00:21:47.292|19.2900009155
2018-09-29T00:29:47.299|19.25
2018-09-29T01:13:34.293|19.0
2018-09-29T00:01:47.331|19.3600006104
2018-09-29T01:04:27.292|19.0400009155
2018-09-29T00:17:47.331|19.2999992371
2018-09-29T00:11:07.331|19.3199996948
2018-09-29T01:40:14.331|18.7399997711
2018-09-29T01:41:34.292|18.7000007629
2018-09-29T01:05:47.331|19.0300006866
2018-09-29T01:26:54.331|18.9200000763
2018-09-29T00:45:47.331|19.1599998474
2018-09-29T01:17:34.331|18.9699993134
2018-09-29T00:19:07.331|19.2999992371
2018-09-29T00:16:27.292|19.2999992371
2018-09-29T00:15:07.293|19.3099994659
2018-09-29T00:27:07.331|19.2600002289
2018-09-29T01:25:34.331|18.9300003052
2018-09-29T00:04:27.331|19.3500003815
2018-09-29T01:30:54.293|18.8899993896
2018-09-29T01:20:14.331|18.9500007629
2018-09-29T00:55:07.292|19.1000003815
2018-09-29T00:48:27.292|19.1499996185
2018-09-29T00:47:07.315|19.1499996185
2018-09-29T00:59:07.314|19.0900001526
2018-09-29T00:07:07.292|19.3400001526
2018-09-29T00:24:27.292|19.2800006866
2018-09-29T00:08:27.326|19.3299999237
2018-09-29T00:36:27.331|19.2199993134
2018-09-29T01:32:14.292|18.8700008392
2018-09-29T01:21:34.331|18.9400005341
2018-09-29T00:56:27.293|19.1000003815
2018-09-29T00:32:27.292|19.2399997711
2018-09-29T00:35:07.331|19.2299995422
2018-09-29T00:53:47.331|19.1100006104
2018-09-29T01:18:54.292|18.9599990845
2018-09-29T00:40:27.292|19.2000007629
2018-09-29T00:12:27.292|19.3099994659
2018-09-29T01:09:34.331|19.0200004578
2018-09-29T01:37:34.292|18.8099994659
2018-09-29T00:33:47.331|19.2399997711
2018-09-29T00:44:27.331|19.1700000763
2018-09-29T01:38:54.293|18.7700004578
2018-09-29T00:39:07.331|19.2000007629
2018-09-29T00:25:47.331|19.2700004578
2018-09-29T01:01:47.331|19.0599994659
2018-09-29T00:51:07.331|19.1399993896
2018-09-29T01:12:14.331|19.0100002289
2018-09-29T01:24:14.331|18.9300003052
2018-09-29T01:03:07.331|19.0499992371
2018-09-29T00:03:07.331|19.3600006104
2018-09-29T01:07:07.292|19.0300006866
2018-09-29T00:23:07.331|19.2800006866
2018-09-29T00:09:47.331|19.3299999237
2018-09-29T00:49:47.331|19.1399993896
2018-09-29T00:00:27.331|19.3600006104
2018-09-29T00:13:47.331|19.3099994659
2018-09-29T00:31:07.292|19.25
2018-09-29T01:14:54.331|18.9899997711
2018-09-29T01:36:14.331|18.8299999237
2018-09-29T00:52:27.293|19.1299991608
2018-09-29T00:43:07.292|19.1800003052
2018-09-29T01:33:34.331|18.8600006104
2018-09-29T00:41:47.331|19.1800003052
2018-09-29T00:37:47.331|19.2099990845
2018-09-29T01:34:54.331|18.8500003815
2018-09-29T01:22:54.331|18.9400005341
2018-09-29T01:10:54.292|19.0200004578
2018-09-29T01:00:27.292|19.0699996948
2019-07-30T23:16:57.709|21.0
2019-07-30T22:29:48.666|20.77
2019-07-30T21:57:28.449|19.07
2019-07-30T23:38:46.680|21.0
2019-07-30T22:49:39.665|21.0
2019-07-30T23:48:19.666|20.96
2019-07-30T23:40:08.709|21.04
2019-07-30T23:42:52.713|21.05
2019-07-30T22:42:05.665|20.98
2019-07-30T22:20:14.709|20.47
2019-07-30T22:53:45.666|20.99
2019-07-30T22:13:24.666|20.15
2019-07-30T23:34:42.666|20.94
2019-07-30T23:30:36.709|20.92
2019-07-30T22:46:55.666|21.01
2019-07-30T23:19:41.667|20.93
2019-07-30T23:01:57.709|21.09
2019-07-30T23:56:31.707|21.12
2019-07-30T22:17:30.709|20.35
2019-07-30T23:21:02.709|20.9
2019-07-30T23:45:36.666|21.03
2019-07-30T23:08:45.666|21.09
2019-07-30T23:36:03.667|20.96
2019-07-30T23:14:13.709|21.04
2019-07-30T23:10:07.667|21.09
2019-07-30T23:06:02.709|21.1
2019-07-30T22:40:43.674|20.97
2019-07-30T23:41:30.709|21.06
2019-07-30T22:21:36.709|20.52
2019-07-30T23:04:41.666|21.1
2019-07-30T22:37:59.666|20.92
2019-07-30T22:12:02.667|20.08
2019-07-30T22:31:10.666|20.81
2019-07-30T22:32:32.709|20.83
2019-07-30T22:56:29.713|21.02
2019-07-30T22:51:01.666|20.98
2019-07-30T23:00:35.673|21.08
2019-07-30T22:27:04.713|20.71
2019-07-30T23:12:51.665|21.07
2019-07-30T23:25:08.709|20.9
2019-07-30T23:33:20.706|20.92
2019-07-30T22:35:15.667|20.88
2019-07-30T22:18:52.665|20.41
2019-07-30T23:59:15.666|21.02
2019-07-30T23:57:53.709|21.1
2019-07-30T22:36:37.709|20.91
2019-07-30T22:24:20.710|20.62
2019-07-30T22:10:41.557|19.99
2019-07-30T23:27:52.666|20.93
2019-07-30T22:43:27.665|20.99
2019-07-30T23:37:25.667|20.97
2019-07-30T22:14:46.709|20.23
2019-07-30T22:33:54.666|20.86
2019-07-30T23:11:29.709|21.06
2019-07-30T23:46:58.666|21.01
2019-07-30T23:23:46.670|20.9
2019-07-30T22:16:08.709|20.29
2019-07-30T23:15:35.666|21.02
2019-07-30T23:22:24.667|20.9
2019-07-30T23:51:03.709|20.97
2019-07-30T23:18:19.709|20.97
2019-07-30T22:45:33.665|21.0
2019-07-30T23:31:58.666|20.91
2019-07-30T22:48:17.709|21.01
2019-07-30T22:25:42.709|20.67
2019-07-30T23:49:41.666|20.94
2019-07-30T23:29:14.709|20.93
2019-07-30T22:57:51.705|21.04
2019-07-30T23:07:24.666|21.1
2019-07-30T23:52:25.665|21.02
2019-07-30T23:55:09.667|21.12
2019-07-30T23:03:19.665|21.1
2019-07-30T23:44:14.709|21.05
2019-07-30T22:39:21.666|20.95
2019-07-30T23:26:30.709|20.91
2019-07-30T22:28:26.709|20.74
2019-07-30T22:22:58.709|20.57
2019-07-30T22:52:23.709|20.97
2019-07-30T22:59:13.667|21.06
2019-07-30T22:55:07.713|21.0
2019-07-30T23:53:47.666|21.08
2018-08-09T01:03:39.327|21.2099990845
2018-08-09T00:22:20.288|21.2299995422
2018-08-09T00:10:40.348|21.2399997711
2018-08-09T00:37:24.327|21.2199993134
2018-08-09T00:44:09.287|21.2199993134
2018-08-09T00:30:55.288|21.2199993134
2018-08-09T00:04:06.287|21.2299995422
2018-08-09T00:17:02.288|21.2299995422
2018-08-09T00:57:02.327|21.2199993134
2018-08-09T00:50:06.327|21.2199993134
2018-08-09T01:10:24.376|21.2199993134
2018-04-29T23:21:02.296|18.3199996948
2018-04-29T23:44:56.619|18.3299999237
2018-04-29T23:36:18.335|18.3400001526
2018-04-29T23:54:11.296|18.2000007629
2018-04-29T23:12:18.619|18.3500003815
2018-04-29T23:49:52.335|18.3299999237
2018-04-29T23:33:40.335|18.3400001526
2018-04-29T23:02:24.335|18.3600006104
2018-04-29T22:49:48.427|18.3299999237
2018-04-29T23:37:37.296|18.3400001526
2018-04-29T23:16:43.295|18.3299999237
2018-04-29T22:56:48.334|18.3400001526
2018-04-29T23:34:59.335|18.3400001526
2018-04-29T23:30:31.619|18.3400001526
2018-08-08T23:26:16.319|21.2800006866
2018-08-08T23:43:45.425|21.2600002289
2018-08-08T23:37:48.306|21.2700004578
2018-08-08T23:32:29.327|21.2700004578
2018-08-08T23:19:47.413|21.2900009155
2018-08-08T23:07:28.799|21.3199996948
2018-08-08T23:55:33.287|21.2299995422
2018-08-08T23:50:14.327|21.2399997711
2018-08-08T23:13:50.287|21.3099994659
2019-04-30T22:58:20.175|20.76
2019-04-30T22:56:10.272|20.76
2019-07-31T00:04:42.703|21.07
2019-07-31T00:01:59.709|21.03
2019-07-31T00:00:37.667|21.0
2019-07-31T00:06:04.688|21.07
2019-07-31T00:03:21.666|21.05
2018-05-01T00:41:24.331|18.2099990845
2018-05-01T00:00:21.331|18.6900005341
2018-05-01T00:25:43.331|18.3199996948
2018-05-01T00:55:05.331|18.1499996185
2018-05-01T00:37:27.331|18.1700000763
2018-05-01T00:20:16.331|18.5100002289
2018-05-01T00:48:15.115|18.2000007629
2018-05-01T00:35:13.115|18.2099990845
2018-05-01T00:40:05.331|18.1700000763
2018-05-01T00:04:40.331|18.6599998474
2018-05-01T00:38:46.331|18.1599998474
2018-05-01T01:00:46.331|18.2600002289
2018-05-01T00:14:31.115|18.6700000763
2019-09-04T22:32:34.323|21.01
2019-09-04T22:53:36.324|20.99
2019-09-04T22:28:43.367|21.0
2019-09-04T22:18:16.431|21.0
2019-09-04T22:40:16.367|20.81
2019-09-04T22:50:16.324|20.91
2019-09-04T22:56:56.324|21.0
2019-09-04T23:00:16.324|20.99
2019-09-04T22:00:50.330|21.02
2019-09-04T21:57:31.010|21.01
2019-09-04T22:36:25.367|20.98
2019-09-04T22:22:07.324|21.0
2019-09-04T23:03:36.324|20.97
2019-09-07T22:14:25.669|20.46
2019-09-07T22:44:24.669|20.6
2019-09-07T22:24:58.712|20.5
2019-09-07T23:04:58.669|20.76
2019-09-07T22:58:18.668|20.71
2019-09-07T22:26:22.712|20.5
2019-09-07T21:59:36.669|20.42
2019-09-07T21:56:24.669|20.39
2019-09-07T22:20:46.669|20.48
2019-09-07T22:00:40.672|20.43
2019-09-07T22:48:18.669|20.64
2019-09-07T23:11:38.669|20.82
2019-09-07T22:29:10.712|20.37
2019-09-07T23:01:38.669|20.72
2019-09-07T21:52:27.669|20.4
2019-09-07T22:31:58.712|20.19
2019-09-07T23:21:38.669|20.9
2019-09-07T22:19:22.669|20.48
2019-09-07T22:15:49.669|20.47
2019-09-07T21:54:16.716|20.4
2019-09-07T22:30:34.712|20.25
2019-09-07T22:34:46.716|20.18
2019-09-07T21:46:03.670|20.35
2019-09-07T21:51:23.716|20.39
2019-09-07T22:39:34.612|20.28
2019-09-07T22:27:46.671|20.47
2019-09-07T21:44:59.712|20.36
2019-09-07T23:38:18.669|21.07
2019-09-07T22:11:37.712|20.45
2019-09-07T23:54:58.669|21.19
2019-09-07T22:08:49.669|20.44
2019-09-07T21:40:49.460|20.35
2019-09-07T23:41:38.670|21.1
2019-09-07T21:50:19.669|20.38
2019-09-07T23:44:58.712|21.12
2019-09-07T23:14:58.716|20.84
2019-09-07T22:51:38.669|20.66
2019-09-07T22:02:48.712|20.44
2019-09-07T21:55:20.672|20.4
2019-09-07T23:18:18.669|20.87
2019-09-07T22:01:44.669|20.43
2019-09-07T23:34:58.698|21.04
2019-09-07T21:49:15.712|20.34
2019-09-07T21:43:55.669|20.36
2019-09-07T21:58:32.716|20.41
2019-09-07T22:23:34.712|20.5
2019-09-07T22:33:22.669|20.18
2019-09-07T23:28:18.712|20.97
2019-09-07T22:13:01.669|20.45
2019-09-07T23:48:18.669|21.15
2019-09-07T23:08:18.669|20.79
2019-09-07T23:24:58.712|20.94
2019-09-07T22:07:25.500|20.44
2019-09-07T21:57:28.712|20.4
2019-09-07T21:48:11.669|20.32
2019-09-07T23:51:38.669|21.17
2019-09-07T21:47:07.669|20.33
2019-09-07T22:22:10.669|20.49
2019-09-07T22:54:58.712|20.68
2019-09-07T22:17:13.669|20.47
2019-09-07T23:58:18.712|21.2
2019-09-07T21:42:50.712|20.37
2019-09-07T22:10:13.669|20.45
2019-09-07T23:31:38.669|21.0
2019-08-17T21:59:54.708|19.8
2019-08-17T21:57:22.665|19.83
2019-08-17T22:02:26.664|19.77
2019-08-17T22:07:40.320|19.73
2019-08-17T22:49:07.280|19.35
2019-08-17T21:56:06.835|19.84
2019-08-17T22:01:10.708|19.78
2019-08-17T21:58:38.665|19.81
2019-08-17T21:30:30.698|19.94
2018-05-13T00:36:14.862|21.3999996185
2018-05-13T00:02:20.935|21.3799991608
2018-05-13T00:23:20.892|21.3999996185
2018-05-13T00:53:50.892|21.4200000763
2018-05-13T00:59:52.892|21.3799991608
2018-05-13T00:47:42.892|21.4300003052
2018-05-13T00:29:45.892|21.3999996185
2018-05-13T00:15:13.853|21.3899993896
2018-05-13T00:08:29.892|21.3899993896
2018-05-13T00:41:20.712|21.4300003052
2018-05-13T01:05:40.892|21.3400001526
2018-08-22T22:21:25.393|19.3199996948
2018-08-22T22:31:19.335|19.3199996948
2018-08-22T21:34:30.898|19.1800003052
2018-08-22T22:12:50.854|19.2700004578
2018-08-22T22:18:07.296|19.2999992371
2018-08-22T22:44:31.364|18.9599990845
2018-08-22T22:50:20.296|18.7700004578
2018-08-22T22:28:01.387|19.3400001526
2018-08-22T22:37:55.296|19.2900009155
2018-08-22T22:41:13.337|19.2199993134
2018-08-22T21:39:55.352|19.0200004578
2018-08-22T22:24:43.296|19.3500003815
2018-08-22T22:34:37.377|19.2999992371
2018-05-05T21:54:18.293|20.6100006104
2018-05-05T22:07:51.331|21.2099990845
2018-05-05T21:40:49.387|19.8400001526
2018-05-05T21:18:01.954|18.0
2018-05-05T21:27:56.315|18.9500007629
2018-05-05T21:37:40.585|19.6100006104
2018-05-05T22:03:26.615|21.1100006104
2018-05-05T21:52:59.292|20.5599994659
2018-05-05T21:23:37.331|18.5499992371
2018-05-05T21:43:08.291|20.0100002289
2018-05-05T22:12:10.331|21.2900009155
2018-05-05T21:56:56.291|20.6200008392
2018-05-05T21:55:37.292|20.6000003815
2018-05-05T21:50:50.615|20.4500007629
2019-08-19T22:15:22.657|20.34
2019-08-19T22:22:16.657|19.61
2019-08-19T22:23:38.657|19.75
2019-08-19T22:13:54.662|20.37
2019-08-19T22:33:12.657|19.6
2019-08-19T22:29:06.658|20.08
2019-08-19T22:27:44.657|20.04
2019-08-19T22:34:34.657|19.46
2019-08-19T22:25:00.657|19.88
2019-08-19T22:19:27.657|20.24
2019-08-19T22:11:27.988|20.4
2019-08-19T22:35:56.700|19.43
2019-08-19T22:20:49.658|19.93
2019-08-19T22:16:44.657|20.32
2019-08-19T22:31:50.700|19.72
2019-08-19T22:26:22.657|20.05
2019-08-19T22:30:28.656|19.99
2019-08-19T22:18:05.700|20.29
2019-09-14T00:13:07.236|18.43
2019-09-14T00:15:42.236|18.41
2019-09-14T00:05:12.236|18.41
2019-09-14T00:11:48.236|18.44
2019-09-14T00:20:56.236|18.42
2019-09-14T00:09:13.236|18.46
2019-09-14T00:26:42.279|18.4
2019-09-14T00:29:17.279|18.43
2019-09-14T00:14:23.235|18.42
2019-09-14T00:16:58.236|18.41
2019-09-14T00:19:40.279|18.41
2019-09-14T00:28:01.236|18.41
2019-09-14T00:22:51.236|18.4
2019-09-14T00:25:26.237|18.39
2019-09-14T00:24:07.236|18.39
2019-09-14T00:03:56.236|18.41
2019-09-14T00:10:32.236|18.45
2019-09-14T00:07:57.237|18.45
2019-08-04T23:02:41.455|21.02
2019-08-04T23:20:53.661|21.02
2019-08-04T23:12:43.464|21.01
2019-08-04T23:21:44.661|21.02
2019-08-04T23:16:48.682|21.02
2019-08-04T23:22:35.660|21.02
2019-08-04T23:20:02.704|21.02
2019-08-04T23:15:26.704|21.02
2019-08-04T23:14:04.661|21.02
2019-09-12T23:05:37.704|18.93
2019-09-12T21:22:06.657|19.06
2019-09-12T21:54:35.657|18.98
2019-09-12T22:36:59.657|18.93
2019-09-12T23:10:45.700|18.92
2019-09-12T21:37:00.704|18.93
2019-09-12T21:50:47.659|18.98
2019-09-12T22:04:51.700|18.96
2019-09-12T21:15:44.700|19.06
2019-09-12T22:53:37.681|18.93
2019-09-12T22:08:45.657|18.94
2019-09-12T22:33:05.657|18.94
2019-09-12T22:25:23.657|18.93
2019-09-12T21:40:48.657|19.0
2019-09-12T22:16:27.674|18.94
2019-09-12T21:10:36.657|19.06
2019-09-12T22:40:47.657|18.93
2019-09-12T23:12:05.700|18.92
2019-09-12T22:45:55.700|18.94
2019-09-12T21:26:00.658|19.04
2019-09-12T21:44:42.698|19.0
2019-09-12T22:21:35.685|18.93
2019-09-12T22:17:41.657|18.93
2019-09-12T22:27:57.656|18.94
2019-09-12T22:31:51.700|18.94
2019-09-12T22:43:21.657|18.96
2019-09-12T23:01:04.988|18.93
2019-09-12T21:23:26.700|19.06
2019-09-12T22:09:59.700|18.94
2019-09-12T22:44:41.660|18.95
2019-09-12T22:42:07.660|18.94
2019-09-12T22:20:15.657|18.93
2019-09-12T22:07:25.657|18.94
2019-09-12T21:16:58.657|19.06
2019-09-12T22:24:09.657|18.93
2019-09-12T22:35:39.657|18.94
2019-09-12T22:06:11.704|18.95
2019-09-12T21:45:56.657|18.99
2019-09-12T21:19:32.657|19.06
2019-09-12T22:29:17.657|18.94
2019-09-12T21:52:01.657|18.98
2019-09-12T21:24:40.657|19.05
2019-09-12T21:38:14.657|18.93
2019-09-12T21:57:09.657|18.97
2019-09-12T21:58:29.700|18.97
2019-09-12T21:49:27.700|18.99
2019-09-12T22:12:33.656|18.96
2019-09-12T22:48:00.657|18.93
2019-09-12T22:55:58.659|18.94
2019-09-12T21:14:24.657|19.06
2019-09-12T23:06:57.658|18.93
2019-09-12T21:55:55.657|18.97
2019-09-12T21:48:13.657|18.99
2019-09-12T23:02:19.660|18.93
2019-09-12T22:58:03.657|18.93
2019-09-12T22:19:01.700|18.93
2019-09-12T21:13:10.700|19.06
2019-09-12T21:32:22.700|19.06
2019-09-12T22:34:25.657|18.94
2019-09-12T21:34:26.657|19.04
2019-09-12T21:20:52.657|19.06
2019-09-12T21:43:22.700|19.0
2019-09-12T22:13:53.657|18.94
2019-09-12T22:26:43.657|18.93
2019-09-12T23:09:31.662|18.93
2019-09-12T22:01:03.657|18.96
2019-09-12T22:30:31.700|18.93
2019-09-12T22:03:37.658|18.96
2019-09-12T22:11:19.657|18.94
2019-09-12T21:31:08.700|19.05
2019-09-12T22:15:07.657|18.94
2019-09-12T23:04:23.657|18.93
2019-09-12T21:59:43.657|18.97
2019-09-12T21:08:02.540|19.04
2019-09-12T22:38:13.700|18.93
2019-09-12T21:42:08.700|19.0
2019-09-12T22:22:49.700|18.93
2019-09-12T21:39:34.669|18.97
2019-09-12T21:35:40.656|18.99
2019-09-12T22:39:33.657|18.93
2019-09-12T21:53:21.658|18.98
2019-09-12T21:27:14.658|19.03
2019-09-12T22:02:17.657|18.96
2019-09-12T23:08:11.657|18.92
2019-09-12T21:29:48.657|19.04
2019-09-12T21:09:16.656|19.05
2019-09-12T21:11:50.667|19.06
2019-09-12T21:28:34.658|19.03
2019-09-12T21:18:18.700|19.05
2019-09-12T22:49:14.663|18.93
2019-07-27T23:16:19.314|21.14
2019-07-27T23:09:07.259|21.12
2019-07-27T23:11:31.259|21.14
2019-07-27T22:27:28.190|20.52
2019-07-27T22:37:04.258|20.81
2019-07-27T23:33:53.259|21.16
2019-07-27T22:41:52.302|20.91
2019-07-27T23:18:25.146|21.15
2019-07-27T23:38:43.273|21.17
2019-07-27T23:36:18.258|21.16
2019-07-27T23:45:58.259|21.17
2019-07-27T23:41:08.259|21.17
2019-07-27T23:06:43.259|21.11
2019-07-27T22:29:52.258|20.6
2019-07-27T22:54:25.259|21.05
2019-07-27T22:44:16.259|20.95
2019-07-27T23:26:58.259|21.15
2019-07-27T23:04:19.302|21.09
2019-07-27T22:49:04.258|21.01
2019-07-27T22:51:09.850|21.03
2019-07-27T23:43:33.259|21.16
2019-07-27T23:01:55.302|21.09
2019-07-27T22:34:40.258|20.75
2019-07-27T23:20:49.259|21.15
2019-07-27T23:31:28.306|21.16
2019-07-27T22:46:40.295|20.98
2019-07-27T22:59:02.302|21.05
2019-07-27T22:32:16.302|20.69
2019-07-27T23:13:55.259|21.14
2019-07-27T22:39:28.302|20.86
2018-12-04T00:42:49.279|20.9699993134
2018-12-04T00:35:49.279|20.8899993896
2018-12-04T00:56:37.279|20.9799995422
2018-12-04T01:01:26.659|21.0300006866
2018-12-04T00:33:45.318|20.8799991608
2018-12-04T04:52:29.346|20.8199996948
2018-12-04T00:21:32.344|20.9300003052
2018-12-04T00:16:44.318|20.9599990845
2018-12-04T00:28:28.587|20.8600006104
2018-12-04T00:53:33.290|20.9799995422
2018-12-04T00:09:34.281|20.9799995422
2018-12-04T00:39:55.647|20.9500007629
2018-12-04T01:09:01.318|21.0200004578
2018-12-04T00:06:49.318|20.9799995422
2018-12-04T00:45:32.318|21.0
2018-12-04T00:32:15.415|20.8700008392
2018-12-04T00:03:25.626|21.0200004578
2018-12-04T00:18:36.318|20.9500007629
2018-12-04T00:50:53.586|20.9799995422
2018-12-04T04:39:26.377|21.1800003052
2018-12-04T00:23:35.319|20.8999996185
2018-12-04T00:14:59.650|20.9799995422
2018-12-04T04:48:40.280|20.9699993134
2018-12-04T03:05:56.718|21.2399997711
2018-12-04T01:04:31.279|21.0499992371
2018-12-04T04:29:35.634|21.2099990845
2018-12-04T04:34:46.318|21.2099990845
2018-12-04T03:11:31.279|21.2299995422
2018-12-04T00:30:34.384|20.8600006104
2018-12-04T04:47:04.670|21.0499992371
2018-12-04T03:16:18.306|21.2600002289
2018-12-04T04:54:03.415|20.7700004578
2018-12-04T04:50:31.318|20.8999996185
